battery_id,policy,soh1,soh150,fade150,soh_lin_slope,soh_quad_curv,soh_fit_resid_std,pw_a,pw_b,exp_a,exp_b,exp_c,d1_50,d50_100,d100_150,soh_slope_1_50,ir_mean,ir_std,ir_slope,ir_rel_end,tavg_mean,tavg_std,tavg_slope,ct_mean,ct_std,ct_slope,C1,Q1,C2,initial_capacity,dataset_id,t1,t2,t12,avgC80,C1_over_C2,soh200,fade200,late_mean,has_full200
1,3_6C-80PER_3_6C,1.0003771091243534,1.003396261025142,-0.003019151900788497,-0.00010240706118255767,1.6953930721029661e-06,0.014873980055652719,,,0.02188209967723533,0.031773584463810324,1.0029308809842226,0.004820683101439238,-0.0003623460477608642,-0.001439185152889877,-0.0004804858229190582,0.01666451266,0.00019685477852126286,3.965204124627131e-07,0.0006365890961330883,31.582536690767604,0.18010128132098407,-0.0010947717334914894,13.382598155555536,0.042243473794134394,-4.472565002890321e-05,3.6,80.0,3.6,1.0706892,1,0.2222222222222222,0.0,0.2222222222222222,3.6,1.0,0.9971576252006654,0.0032194839236879824,1.0008821595473272,1
2,3_6C-80PER_3_6C,0.9914361147696892,0.995243813442782,-0.0038076986730928297,-8.126861974536661e-06,-3.3385175559346945e-07,0.0008062368974326295,,,0.5085433883384064,1.5984219177951594e-05,0.4886205316841202,0.005934996604706866,-0.0009212794333710583,-0.0012060184982429778,5.89118307468802e-05,0.016839413546666668,0.0013855949840142529,4.877371214720641e-06,-0.0002660393779362568,31.289619335584344,0.17691074400443565,-0.0022076764681007647,13.378601577777772,0.04208006086009879,-3.6178804983801166e-05,3.6,80.0,3.6,1.0845895,1,0.2222222222222222,0.0,0.2222222222222222,3.6,1.0,,,,0
3,3_6C-80PER_3_6C,0.9925268380644886,0.996124326607101,-0.003597488542612437,-4.882703777793961e-06,-3.376839621563644e-07,0.0007363085829423393,,,0.3773012712798205,1.2936382152743262e-05,0.6203019704954988,0.005455692206311369,-0.0007279007879669175,-0.0011303028757320144,5.576808268482356e-05,0.016692326,0.0013739768437157523,5.06781596693183e-06,0.0012375518586102223,31.44048123634447,0.18571094416351364,-0.002175505037702881,13.376288766666674,0.04169779750085844,-5.1798073988353294e-05,3.6,80.0,3.6,1.0880535,1,0.2222222222222222,0.0,0.2222222222222222,3.6,1.0,0.995110203680242,-0.0025833656157533413,0.9955920618793102,1
4,80PER_3_6C,0.999277151374718,0.977270365911175,0.022006785463542955,-0.00014934521789384912,-2.8026750992164387e-07,0.0005295441675086983,4.047925667368876e-05,1.254266242432304,0.9999999997281536,0.00015098837356237706,0.0009022486501273906,-0.005431373468046008,-0.007235052987937918,-0.00934035900755903,-0.00011878797148656348,0.01717739734,0.00021904637694709474,1.9159710902706384e-06,0.007286954834424366,31.92375835801903,0.4866945379572763,0.0006779832961935918,13.383493544444441,0.041955170403805905,-8.822432108084156e-05,3.6,80.0,3.6,1.024101,2,0.2222222222222222,0.0,0.2222222222222222,3.6,1.0,0.96767101584707,0.031606135527647905,0.9726696285132033,1
5,80PER_3_6C,0.996675023035153,0.996307250141854,0.0003677728932990343,-1.4648701147805744e-05,-3.4821941000897845e-07,0.0006899458615874293,2.4811121215427595e-13,4.142431492303306,0.6475127386848846,2.2643442498761062e-05,0.3518544407368764,0.0025763574997620386,-0.0010122970080119753,-0.0019318333850490976,4.651035681192392e-05,0.01729883692,0.00022334557214408668,1.1707535588247676e-06,0.004051127887776865,32.05519449416848,0.4308750021736421,-0.0009617767908416788,13.38257589999999,0.04234990676107156,-7.000623138821033e-05,3.6,80.0,3.6,1.0322267,2,0.2222222222222222,0.0,0.2222222222222222,3.6,1.0,,,,0
6,80PER_3_6C,0.997448509466007,0.996165860585801,0.0012826488802060165,-1.7917438085060332e-05,-2.4698158565985877e-07,0.000515986712677132,1.5242796368542434e-14,4.99242481761806,0.668489717450191,2.6842307415849634e-05,0.3310404887533456,0.0016301596910419658,-0.0011328727965610463,-0.001779935774686936,2.844932431227847e-05,0.017132980786666665,0.00020110139383571054,1.3172462100537548e-06,0.0008865904774736766,32.51559902740294,0.3541143242422072,-0.0013524702131875444,13.377512411111114,0.04191759018713808,5.366007081773954e-05,3.6,80.0,3.6,1.0364138,2,0.2222222222222222,0.0,0.2222222222222222,3.6,1.0,0.993831561293375,0.0036169481726320285,0.9949841230404303,1
7,4_8C_80PER_4_8C,0.996484890762392,0.994693146551961,0.0017917442104310455,-2.0834681494325162e-05,-5.492506514958107e-07,0.0009823675577587826,1.8358952304988434e-14,4.991568661216174,0.8047629222888816,2.591332637690127e-05,0.19474569219620694,0.0029342681345270183,-0.0016028676776169704,-0.0031231446673410934,5.9829512974791726e-05,0.017141657399999996,0.0001547040837381538,1.029862059647044e-06,-0.02354483889402971,30.086063590465674,0.22665400950650585,-9.74441260091302e-05,10.051275511111113,0.04267229740484549,1.9979021289615358e-05,4.8,80.0,4.8,1.0734261,2,0.16666666666666666,0.0,0.16666666666666666,4.8,1.0,0.989658449706039,0.006826441056352994,0.9921716944464084,1
8,4_8C_80PER_4_8C,0.997380280731175,0.989687086263349,0.0076931944678260145,-6.114464918155355e-05,-7.391468950604623e-07,0.0012855112962350177,2.228936941403008e-11,3.9351115231487137,0.9868153391519032,6.218284096213274e-05,0.014422169584369295,0.0018818101140259946,-0.003430532348347004,-0.006144472233505005,3.537691040137223e-05,0.01716954795333333,0.00012245460750695498,-1.4640135348237915e-06,-0.03172264815845513,29.675748371730744,0.52904923297693,-0.009107865860504672,10.063943788888908,0.04491363673372938,0.00037323252589038547,4.8,80.0,4.8,1.0721645,2,0.16666666666666666,0.0,0.16666666666666666,4.8,1.0,0.981435539975442,0.015944740755733045,0.9856847105085086,1
9,4_8C_80PER_4_8C,0.997098980412762,0.988996368956579,0.008102611456182962,-6.733893827925962e-05,-7.508337973642019e-07,0.0013307399309859778,9.778575011910219e-11,3.6502115720724118,0.999999992292423,6.76063807885116e-05,0.0013304839637932457,0.0020294333726580405,-0.003938472441732066,-0.0061935723871089365,3.795481898171225e-05,0.017545285180000002,0.00014329072104870796,-1.7664860109338223e-06,-0.04089981813632597,31.728171842666196,0.21749513556894748,0.0025827687686156985,10.046990233333355,0.042286323319257614,0.00014414502866841468,4.8,80.0,4.8,1.0825263,2,0.16666666666666666,0.0,0.16666666666666666,4.8,1.0,,,,0
10,5C_67PER_4C_NEWSTRUCTURE,0.997777763673319,0.997163961472924,0.000613802200395086,-1.3780221951323572e-05,-2.3068984787908426e-07,0.0004978517436517773,9.412149930233268e-15,4.9593658227545765,0.5703337719904409,2.419115745056955e-05,0.42932975012784136,0.001697222213924987,-0.0012165298077820852,-0.001094494606537988,3.317104540454779e-05,0.01523868756,3.714528970499741e-05,-7.350620383131614e-08,-0.013547919700117449,32.28294010439977,0.1950903408159738,0.003305558163234611,10.042481033333347,0.0013788601928749827,-6.899373305362699e-06,5.0,67.0,4.0,1.0713712,3,0.134,0.0325,0.1665,4.8375,1.25,,,,0
11,5_3C_54PER_4C_NEWSTRUCTURE,0.998319956052918,0.996765143698668,0.0015548123542500347,-1.9349802453795216e-05,-1.6421352152305468e-07,0.0003980164884278444,7.023801766453744e-12,3.8526143993381785,0.6122276420021857,3.166842703185144e-05,0.38771883989641504,0.0010438601571809425,-0.0013899733695719174,-0.0012086991418590598,1.9108130412263424e-05,0.01500161491333333,4.6598033932362105e-05,4.4811788435039404e-07,-0.009328073591381218,34.93854051940086,0.22561586213076895,0.004371268692713622,10.041297744444396,0.001579058885118034,-2.0885757879825605e-06,5.3,54.0,4.0,1.0687399,3,0.1018867924528302,0.065,0.1668867924528302,4.8774999999999995,1.325,,,,0
12,5_6C_19PER_4_6C_NEWSTRUCTURE,0.998717567315019,0.996427994673131,0.0022895726418880047,-2.258146914839393e-05,-1.2103606605586455e-07,0.0003138507734484302,1.1159592977693116e-08,2.4517025926040175,0.6277372544281148,3.6060362707286674e-05,0.3722892887032977,0.0005418619041489547,-0.0014903777105199634,-0.001341056835516996,8.411039699928073e-06,0.014584682953333334,9.841278872911162e-05,-1.4923526041158001e-06,-0.033239375386504566,37.06099687761897,0.5300255112426171,0.010574246205845534,10.04358056666666,0.0009240093518427535,-2.430635435205911e-06,5.6,19.0,4.6,1.0632137,3,0.033928571428571426,0.13260869565217392,0.16653726708074534,4.8374999999999995,1.2173913043478262,0.99419935051627,0.004518216798749086,0.9954170601827272,1
13,5_6C_36PER_4_3C_NEWSTRUCTURE,0.998611757370153,0.997017918336173,0.0015938390339799158,-1.7678112909209386e-05,-1.6464105442892444e-07,0.0003694483516067861,4.023972223683952e-12,3.971621572360299,0.6002142008936379,2.9506492279378182e-05,0.39978196319642856,0.0009141611784960757,-0.0012864251565080087,-0.0012215750559679828,1.8313452469843937e-05,0.015011897386666669,3.42849041405984e-05,5.2159034268187e-07,0.004431393179228126,36.18602771253804,0.21194354519783604,0.0035862638131574933,10.041374000000035,0.001088941224539414,-6.089366934718303e-06,5.6,36.0,4.3,1.0655342,3,0.06428571428571428,0.10232558139534884,0.16661129568106312,4.885,1.3023255813953487,0.995155786646735,0.003455970723417967,0.9961851535126698,1
14,5_6C_19PER_4_6C_NEWSTRUCTURE,0.998492055446797,0.997543986831153,0.0009480686156440044,-1.2874625435048423e-05,-2.0015962086221896e-07,0.00039843905168713536,1.3895885845090728e-14,4.991331152335048,0.5398199803194197,2.3879590843649437e-05,0.46005957157732746,0.0011867446629439948,-0.001023157082208015,-0.0011116561963799843,2.4287398060364753e-05,0.015134326906666669,3.429518685922782e-05,7.079713765051438e-08,-0.012164662658082984,32.206926142652094,0.1993636215150014,0.0033252956078349406,10.045542944444447,0.0010157158133618528,-2.4950768183852323e-06,5.6,19.0,4.6,1.075265,3,0.033928571428571426,0.13260869565217392,0.16653726708074534,4.8374999999999995,1.2173913043478262,,,,0
15,5_6C_36PER_4_3C_NEWSTRUCTURE,0.998717439816754,0.996200533216553,0.0025169066002009854,-2.2956248483265348e-05,-2.0991586511406948e-07,0.00041089250371086365,6.34857020613342e-11,3.504444484905122,0.7015887903997892,3.278667991535342e-05,0.298626422341202,0.0007833219076249787,-0.0015036063555650125,-0.0017966221522609516,1.3482129348753856e-05,0.015185255406666664,4.4538726749098116e-05,-1.0670850260011106e-07,-0.014602393803049686,35.71112325567547,0.4842450652322325,0.00637696498445788,10.042033711111143,0.0007100453228203145,-4.052861615902042e-07,5.6,36.0,4.3,1.0540558,3,0.06428571428571428,0.10232558139534884,0.16661129568106312,4.885,1.3023255813953487,0.993561365536815,0.005156074279939027,0.9949942895812537,1
16,3_7C_31PER_5_9C_NEWSTRUCTURE,0.999707319807998,0.972184136045023,0.027523183762975023,-0.0001903338755905286,-7.050189750718459e-08,0.00018863576779273609,0.00010187244261081995,1.1189527474708925,0.9999999844335344,0.000193098685344045,0.0010230912110441382,-0.008241279326810957,-0.009472565159299062,-0.009809339276865003,-0.00017976800346418946,0.013778151340000001,0.00010052361213447055,2.182067937241617e-06,0.029359703886869523,34.16561933359892,0.26988833107940313,0.0024194366114473707,10.101752044444456,0.03429037571766453,0.0007645099959998729,3.7,31.0,5.9,1.0630716,3,0.08378378378378379,0.08305084745762711,0.1668346312414109,5.0475,0.6271186440677966,,,,0
17,4_8C_80PER_4_8C_NEWSTRUCTURE,0.998088426855813,0.99823767250371,-0.00014924564789697836,-7.006831656164957e-06,-1.5236899780497625e-07,0.0003503612973157653,,,0.3528811506826767,1.9872976156756703e-05,0.64671067930953,0.0014076928320440052,-0.0006864991656699848,-0.000571948018477042,2.3178428936920346e-05,0.015433064199999997,3.523442789899001e-05,1.3378777367878277e-07,-0.007777425210134075,32.89860934160838,0.20001488264234182,0.0033749913107361073,11.040130122222257,0.0051843145848060315,-1.5353337184871743e-05,4.8,80.0,4.8,1.070919,3,0.16666666666666666,0.0,0.16666666666666666,4.8,1.0,0.997381893495213,0.0007065333606000035,0.9978243028651093,1
18,5C_67PER_4C_NEWSTRUCTURE,0.997850651212335,0.996899227707608,0.0009514235047269892,-1.572289265917493e-05,-3.0279761662188706e-07,0.0005884867034387229,1.501950447486585e-14,4.930969839562971,0.660239114096112,2.3840393211423304e-05,0.3397395280803803,0.001979322071454015,-0.001342627178973932,-0.0015881183972070723,3.598812606112498e-05,0.015243962406666665,4.343907169171015e-05,-5.421904884662161e-07,-0.018088782405401002,33.17270900285455,0.2270207537447218,0.004247360974134993,10.043263077777825,0.0010114463425514645,-1.0739884735272789e-06,5.0,67.0,4.0,1.0687144,3,0.134,0.0325,0.1665,4.8375,1.25,0.995022140620544,0.0028285105917910114,0.9959361558148744,1
19,5_3C_54PER_4C_NEWSTRUCTURE,0.997982383905206,0.998351338451851,-0.00036895454664498395,-6.629451687265591e-06,-1.9810021482801459e-07,0.0004306003089714162,,,0.3639470034151529,1.8225600367815506e-05,0.6358127546035496,0.0018599399070610145,-0.0007129549930879886,-0.000778030367328042,3.200164467715995e-05,0.0158120068,4.231951109177635e-05,4.4033276145608016e-07,-0.006312756424945373,33.184629240984556,0.19676328741519666,0.0034258115522882854,10.041383877777804,0.0023867395794324076,4.922763975270847e-06,5.3,54.0,4.0,1.0733707,3,0.1018867924528302,0.065,0.1668867924528302,4.8774999999999995,1.325,0.997276849461235,0.0007055344439710343,0.9978312216832453,1
20,4_8C_80PER_4_8C_NEWSTRUCTURE,0.998256874548827,0.997503208448294,0.000753666100532957,-1.2634448297099386e-05,-2.3770722207736056e-07,0.00047241475460764394,1.0445463762139787e-14,4.9642293385081375,0.5707886441531715,2.215827620226793e-05,0.429139517318669,0.0015731396633690276,-0.0011903230495229344,-0.0011364827143790501,2.9723718716670586e-05,0.015370921199999998,3.904611702063684e-05,-1.7231869860885066e-07,-0.01185852278592553,32.63948555702063,0.2072407551403548,0.0036568375097465766,11.039552922222216,0.005387937783817897,-1.728545861308326e-05,4.8,80.0,4.8,1.0650008,3,0.16666666666666666,0.0,0.16666666666666666,4.8,1.0,0.995832331769141,0.0024245427796859564,0.9965872737363592,1
21,5_6C_19PER_4_6C_NEWSTRUCTURE,0.998594008913476,0.995676727769333,0.0029172811441430246,-2.735136204097599e-05,-2.5609465115312825e-07,0.0004874674199133039,1.685412611350271e-10,3.340486500006822,0.7435163814996701,3.686987114525442e-05,0.25687617378230826,0.0008965168407849555,-0.0017686117915990396,-0.0020451861933289406,1.3743353962223161e-05,0.01551929012,2.8794215622255435e-05,-1.9873811280510429e-07,-0.00800376771371665,34.328939845481145,0.2370663249818302,0.004612915408072235,10.042441555555616,0.0011003854430902504,2.5561787938013497e-06,5.6,19.0,4.6,1.0707607,3,0.033928571428571426,0.13260869565217392,0.16653726708074534,4.8374999999999995,1.2173913043478262,0.993268710739944,0.005325298173532,0.9944642869317113,1
22,5_6C_36PER_4_3C_NEWSTRUCTURE,0.99853890131604,0.99790275808469,0.0006361432313499726,-1.135558540943281e-05,-1.5444842217418166e-07,0.0003485284049975391,8.414840097427084e-15,4.984178780613147,0.4760466677105412,2.388532752455955e-05,0.5238891820239323,0.0011667609149230707,-0.0009484531679020414,-0.0008544509783710019,2.1040947260469837e-05,0.016056480893333332,3.713314271647323e-05,2.8084750788922825e-07,-0.007101367801525392,33.329052100171154,0.21628229609018493,0.003931906247504042,10.042595177777752,0.0009816045384973846,3.524079588298871e-06,5.6,36.0,4.3,1.076943,3,0.06428571428571428,0.10232558139534884,0.16661129568106312,4.885,1.3023255813953487,0.996730026565937,0.00180887475010294,0.9973153056382743,1
23,5_6C_19PER_4_6C_NEWSTRUCTURE,0.997818406429724,0.995772255030105,0.002046151399618945,-2.4641279496685158e-05,-3.204912493951646e-07,0.0006329389890014336,3.055999405094393e-14,4.9857608635784105,0.7407875155084047,3.332569995801135e-05,0.2594266334469883,0.0017535822876509899,-0.0017364083606449254,-0.0020633253266250096,3.0398673016373767e-05,0.01510131736,5.577572859231656e-05,-1.0833418338592945e-06,-0.015420598538957728,34.24471874848398,0.25081096081925064,0.004746189999382491,10.042423566666658,0.0009608217576453208,4.8276841934468295e-06,5.6,19.0,4.6,1.0696447,3,0.033928571428571426,0.13260869565217392,0.16653726708074534,4.8374999999999995,1.2173913043478262,0.993248052367296,0.004570354062428006,0.994469251051307,1
24,5_6C_36PER_4_3C_NEWSTRUCTURE,0.997241516122286,0.997516660261313,-0.0002751441390270726,-8.930677331189856e-06,-3.338788943580581e-07,0.0006561592353991909,,,0.513219615149918,1.740718042316995e-05,0.48638850605810396,0.0025934493546800885,-0.0010404973647740734,-0.0012778078508789426,4.891029726551354e-05,0.01555046878,3.6429460196747944e-05,-1.0948156451401715e-07,-0.010714129306161266,33.232099825264406,0.21630172015115642,0.0038750024358255625,10.041845744444439,0.0007725632239287941,-3.0720032008021963e-06,5.6,36.0,4.3,1.0777442,3,0.06428571428571428,0.10232558139534884,0.16661129568106312,4.885,1.3023255813953487,,,,0
25,4_8C_80PER_4_8C_NEWSTRUCTURE,0.998221132177794,0.997304094302957,0.0009170378748369901,-1.5228354460775302e-05,-1.8644079780981323e-07,0.000449161062921889,1.4357157080912907e-14,4.9620117884242605,0.5785231563959895,2.6362454779259417e-05,0.4213830913000694,0.0014108274997490788,-0.0013391586653850318,-0.000988706709201037,2.6929842857743915e-05,0.015310462060000004,3.564886190775979e-05,-2.293948477710478e-07,-0.012161755557719232,35.049192850713276,0.22279809894051353,0.004176137366568582,11.040594166666649,0.003394026147204895,-1.0332687379152677e-05,4.8,80.0,4.8,1.0643399,3,0.16666666666666666,0.0,0.16666666666666666,4.8,1.0,,,,0
26,5_3C_54PER_4C_NEWSTRUCTURE,0.99888517011817,0.995957929041739,0.002927241076431053,-1.4730649500565198e-05,-1.7380192602842582e-07,0.00043994672029629074,2.843042809097063e-06,1.3628736606492047,0.573479215237555,2.5724664788819743e-05,0.425310732099936,-0.00038784866203700474,-0.000924305762775024,-0.0016150866516190243,3.456723234541729e-06,0.015441141793333335,0.00026616650422051677,-5.688511044935497e-07,-0.006870720452539576,35.193298760425485,0.27987040030080595,0.005164318328779489,10.042265577777766,0.0019587746324566564,4.381184347772587e-06,5.3,54.0,4.0,1.069051,3,0.1018867924528302,0.065,0.1668867924528302,4.8774999999999995,1.325,0.994394257149565,0.004490912968605043,0.9951289257481636,1
27,5_6C_19PER_4_6C_NEWSTRUCTURE,0.999055247946604,0.995656278564819,0.0033989693817850775,-3.009073184074653e-05,-9.793023668647673e-08,0.00028477541966012525,2.8345916550112345e-07,1.886390883131804,0.6711666207513152,4.4975977082505544e-05,0.32911661507427786,-4.284430892065316e-06,-0.0018708619265760396,-0.0015238230243169726,-3.799517875170661e-06,0.015021707006666668,3.002586263785949e-05,1.6922841192939917e-07,-0.007921154392435566,35.42599413320099,0.26375610028803353,0.00533967583582312,10.043126199999982,0.0006920206802576651,2.4954649834528393e-06,5.6,19.0,4.6,1.0701538,3,0.033928571428571426,0.13260869565217392,0.16653726708074534,4.8374999999999995,1.2173913043478262,0.99349054780724,0.005564700139364054,0.994579136382079,1
28,5_6C_36PER_4_3C_NEWSTRUCTURE,0.999197858049499,0.995663156438166,0.0035347016113329577,-3.0860636853331734e-05,-1.1192908718837693e-07,0.0002849150474286436,2.528446428480738e-07,1.9192787528229436,0.6861419467851102,4.511931448619805e-05,0.3142729507171866,-4.561878544095954e-05,-0.0018698999543440564,-0.0016191828715479417,-4.77899978384293e-06,0.01547495314,4.1764719472675395e-05,3.0578351926749357e-07,-0.007825706135436098,35.22442482026258,0.24886377292419506,0.004939582329243567,10.043166899999965,0.0008848901908355895,5.520630543181709e-07,5.6,36.0,4.3,1.0738997,3,0.06428571428571428,0.10232558139534884,0.16661129568106312,4.885,1.3023255813953487,0.993623156799467,0.00557470125003201,0.9946628373208413,1
29,5C_67PER_4C_NEWSTRUCTURE,0.998365188483705,0.997093808330202,0.0012713801535030322,-1.629544403293502e-05,-2.3550550830721245e-07,0.00046335074785898173,1.708625536659804e-14,4.99687876307181,0.6159782378957648,2.6492297083745242e-05,0.3841056508052118,0.0013376326372109837,-0.0011884440089510173,-0.0014205687817629986,2.399017147702791e-05,0.015274144506666669,4.1701157602387364e-05,3.335374905550357e-07,-0.010375567246872613,33.20936716157065,0.2177291107284295,0.003981601308947157,10.043287677777759,0.0012349025010036717,-5.525430770320115e-07,5.0,67.0,4.0,1.0681109,3,0.134,0.0325,0.1665,4.8375,1.25,0.995191763327198,0.0031734251565069815,0.9961144001058319,1
30,3_7C_31PER_5_9C_NEWSTRUCTURE,0.999629848206699,0.978803668056615,0.020826180150083973,-0.0001500975923882012,-8.520624337552274e-08,0.00031367342673408344,4.732333442426996e-05,1.2201905257568553,0.9867442318410226,0.0001538663490384518,0.014648005589859842,-0.0055013457045389735,-0.007874016079586044,-0.0074508183659589555,-0.00012314350356309954,0.014121825893333332,7.015821214233355e-05,1.4415039992888155e-06,0.021273113751365032,35.06974892893961,0.3271274144115538,0.006970471202220403,10.093422166666668,0.023942552105686556,0.0005351702120096558,3.7,31.0,5.9,1.0686967,3,0.08378378378378379,0.08305084745762711,0.1668346312414109,5.0475,0.6271186440677966,0.97151753626637,0.028112311940328927,0.975118147833712,1
31,5C_67PER_4C_NEWSTRUCTURE,0.997311956697224,0.997502841944504,-0.0001908852472800593,-7.042900073145172e-06,-3.577282273015523e-07,0.0006546908211686884,,,0.37481523292185664,1.879003104867617e-05,0.624693486975176,0.0024766848290440624,-0.0007233603794930543,-0.0015624392022709488,4.7232772535373696e-05,0.01556309326,4.484144241754845e-05,1.1536630961368604e-07,-0.013886453058386532,34.796173441370165,0.22369523141389958,0.004131607738805999,10.041865822222206,0.0007951954849818927,-8.313613937578792e-07,5.0,67.0,4.0,1.0511289,3,0.134,0.0325,0.1665,4.8375,1.25,0.995305927750631,0.0020060289465929637,0.9965202888056832,1
32,5_3C_54PER_4C_NEWSTRUCTURE,0.997510986930187,0.997524427001968,-1.344007178094575e-05,-8.092442850352165e-06,-3.341101175368629e-07,0.0006232129022872634,,,0.510822137568935,1.5845436289827896e-05,0.48880549859942773,0.0022464535620649873,-0.000692581352557009,-0.0015404321377270325,4.457487227604043e-05,0.015653600033333336,3.97756801495751e-05,3.752440748477783e-07,-0.010018483469321967,35.715480392765485,0.2506755203413008,0.00486832969619972,10.042425433333353,0.002160625534566429,4.4879327958739863e-07,5.3,54.0,4.0,1.0654705,3,0.1018867924528302,0.065,0.1668867924528302,4.8774999999999995,1.325,0.995780906181823,0.0017300807483640046,0.9967858660563573,1
33,5_6C_19PER_4_6C_NEWSTRUCTURE,0.997909611320592,0.997265152427079,0.0006444588935129447,-1.2635988174672005e-05,-2.8051917339060383e-07,0.0005320258494611381,1.9311177099739747e-14,4.785114942279224,0.5938141920187802,2.1298499435684065e-05,0.40603249700940836,0.0017837591134860498,-0.0009449349536330143,-0.0014832830533659802,3.3053357911988394e-05,0.015601198933333334,3.4697360917701605e-05,2.3684851771189435e-07,-0.008041448042203985,35.895067058468,0.272665650784741,0.005459913631982863,10.04235444444443,0.0008524078644183379,3.17615301456315e-06,5.6,19.0,4.6,1.0758095,3,0.033928571428571426,0.13260869565217392,0.16653726708074534,4.8374999999999995,1.2173913043478262,0.995231116661454,0.002678494659137942,0.9963458107592469,1
34,5_6C_36PER_4_3C_NEWSTRUCTURE,0.99793305967781,0.996519741696342,0.001413317981467932,-1.7811235071859682e-05,-3.2819481933028084e-07,0.0006076240084021795,1.7408823020692625e-14,4.998878371738978,0.6756072597043074,2.639662209159636e-05,0.32443336121620325,0.0017879988268150182,-0.0012934629498769779,-0.0019078538584059723,3.341528088456479e-05,0.01492769064666667,3.9400434521355565e-05,2.049286652739702e-07,-0.013681540443441826,35.43162517440305,0.2400223219293284,0.004599359817582391,10.045017722222262,0.0007963000619796359,-3.150925217288467e-07,5.6,36.0,4.3,1.0644526,3,0.06428571428571428,0.10232558139534884,0.16661129568106312,4.885,1.3023255813953487,0.994186049242587,0.003747010435222964,0.9954788652871908,1
35,3_7C_31PER_5_9C_NEWSTRUCTURE,0.999688343813542,0.971136559993198,0.028551783820343957,-0.00020270661647930872,-3.6545038504870503e-07,0.0006733667058460567,4.0040645028849435e-05,1.3147236130127227,0.9999999898448584,0.0002057530301681889,0.002482982007751819,-0.006851339676079982,-0.010436706236401028,-0.011263737907862947,-0.00015035539643496354,0.01349490514,0.00014970436292539947,3.356506989643948e-06,0.039304287965489564,35.90193163095971,0.36424498009139794,0.007838988483357208,10.117980377777839,0.04892679161921458,0.0011058391572962684,3.7,31.0,5.9,1.0526985,3,0.08378378378378379,0.08305084745762711,0.1668346312414109,5.0475,0.6271186440677966,0.960298209791312,0.03939013402223002,0.9655603176978024,1
36,5_3C_54PER_4C_NEWSTRUCTURE,0.998134453276844,0.997327955187339,0.0008064980895050589,-1.2867840059706006e-05,-2.437819902634162e-07,0.0004790391581367656,8.650907642576914e-15,4.997884645636494,0.5632296485019771,2.287114333869985e-05,0.43670910395161033,0.0015860038021530132,-0.0009838579151870697,-0.0014086439764710024,2.8567080985636653e-05,0.015578207726666668,4.093861656497013e-05,7.684491044037327e-08,-0.013184956885962636,32.33820500260697,0.20000012753875823,0.003417879693229083,10.043210755555574,0.0027001269447412875,-5.513839132833437e-06,5.3,54.0,4.0,1.0723398,3,0.1018867924528302,0.065,0.1668867924528302,4.8774999999999995,1.325,0.995450933556695,0.002683519720149019,0.9963954313735255,1
37,5C_67PER_4C_NEWSTRUCTURE,0.998665944000864,0.996525954440067,0.0021399895607969732,-2.1231664357884478e-05,-2.1999355909219881e-07,0.0004349914224976649,3.542676408462731e-11,3.584314807265043,0.6848630749690005,3.105908082410255e-05,0.31538389917698445,0.0009652452441230031,-0.001445104243381956,-0.0016601305615380202,1.7243872688552317e-05,0.015345379746666667,4.258964178764386e-05,-9.607679985780123e-08,-0.015405735077351873,33.20160434750579,0.21185613049092086,0.0037386162222825896,10.043249911111136,0.0007552011250163449,-7.095426461842615e-07,5.0,67.0,4.0,1.0629164,3,0.134,0.0325,0.1665,4.8375,1.25,0.994839326027898,0.0038266179729659067,0.99566502238558,1
38,5_3C_54PER_4C_NEWSTRUCTURE,0.998648182274915,0.995720615692459,0.002927566582456076,-2.7918977346809155e-05,-2.041065957659923e-07,0.00042573837340496797,2.248122349880435e-09,2.822321189633062,0.7351905431954965,3.8068494583921034e-05,0.26514987585322447,0.0006824391106049488,-0.001778501314646963,-0.0018315043784140617,9.698899987199875e-06,0.015316213433333333,4.3171382201330755e-05,3.446748015467192e-07,-0.008068481470012693,35.91027074212617,0.2581380218588234,0.005206944462781368,10.043766688888907,0.0021044684445522812,2.7267285960389987e-06,5.3,54.0,4.0,1.0642781,3,0.1018867924528302,0.065,0.1668867924528302,4.8774999999999995,1.325,0.993737308885713,0.004910873389202042,0.9947019644583499,1
39,5_6C_19PER_4_6C_NEWSTRUCTURE,0.998950986728548,0.99638228628484,0.0025687004437079386,-2.340380909786902e-05,-1.4361661867779505e-07,0.0003193358087781636,6.62241699061917e-09,2.5756079190932386,0.6490701953244191,3.614387687157206e-05,0.3511798849001044,0.0004379500179180207,-0.0014486219551960167,-0.0015580285064299426,5.785219114868786e-06,0.015378971533333334,3.4826465385063184e-05,5.4116673629945436e-08,-0.007484322437286626,35.66767584107305,0.26534335541397713,0.005380515352585136,10.043581844444388,0.0004665719441499594,6.128035310128552e-07,5.6,19.0,4.6,1.0654298,3,0.033928571428571426,0.13260869565217392,0.16653726708074534,4.8374999999999995,1.2173913043478262,0.994542376231639,0.004408610496908993,0.9954679464569135,1
40,5_6C_36PER_4_3C_NEWSTRUCTURE,0.99837581349811,0.995339149888818,0.0030366636092920007,-2.9356723512295436e-05,-2.122952681039716e-07,0.00045713714465332755,1.621656997715797e-09,2.892957267821279,0.756869024260096,3.888462109015496e-05,0.24334855754489348,0.0007784662109769913,-0.0018149927286770229,-0.002000137091591969,1.1260534843771123e-05,0.01514319976,3.97515543395703e-05,1.5954125250003796e-07,-0.007527773419306921,36.00540159713393,0.24718280340997129,0.004949769403358068,10.043492066666676,0.0004922289349167233,4.36635702469583e-07,5.6,36.0,4.3,1.0606048,3,0.06428571428571428,0.10232558139534884,0.16661129568106312,4.885,1.3023255813953487,0.99304068772836,0.005335125769750038,0.9941802250942103,1
41,4_8C_80PER_4_8C_NEWSTRUCTURE,0.95314922190752,0.951606657543837,0.0015425643636830522,-1.7600006268794085e-05,-3.412190394627352e-07,0.0006942316829182079,2.261609733819538e-14,4.98930644567987,0.6856516211486395,2.5699682057905054e-05,0.26929042694940103,0.0021421115561399695,-0.0020317465368869803,-0.0016529293829360414,4.577288582581908e-05,0.014732987920000001,0.00024688962863643173,5.597299897773056e-07,-0.017028584848168302,35.14775902383555,0.4338009244100485,0.004980823439804509,11.038423877777769,0.0004942910279845383,-1.8511667182691008e-06,4.8,80.0,4.8,1.099805,3,0.16666666666666666,0.0,0.16666666666666666,4.8,1.0,0.949706538886439,0.0034426830210810833,0.950643699201222,1
42,5C_67PER_4C_NEWSTRUCTURE,0.998768962965407,0.997528799058338,0.0012401639070689363,-1.4295860336310388e-05,-1.512799825945649e-07,0.00031568797988371024,6.293470090501799e-13,4.2848751868867945,0.5333257622123251,2.684804070093535e-05,0.4666864164542829,0.0007981771612650679,-0.0009469339954649714,-0.0010914070728690328,1.3298887266130786e-05,0.015841888699999997,4.2176719107120216e-05,1.7599653317887823e-08,-0.010011865229580452,34.870725004089245,0.2548738139475538,0.005041602746857765,10.043680011111089,0.0009756161077069811,-2.554949108691609e-06,5.0,67.0,4.0,1.0726566,3,0.134,0.0325,0.1665,4.8375,1.25,0.996213508591659,0.002555454373747934,0.9968855475275126,1
43,5_3C_54PER_4C_NEWSTRUCTURE,0.997503106483187,0.996289785381146,0.0012133211020409762,-1.932551693873905e-05,-3.141613605487247e-07,0.0006516785502727995,1.2986844735112969e-14,4.999969554713797,0.6929212872728617,2.7929737785133063e-05,0.3070094877712467,0.0020825943171660644,-0.0015075264100999908,-0.0017883890091070498,3.93167929714338e-05,0.015572584660000001,4.430367163914448e-05,1.6262067647444774e-07,-0.006596603104856409,33.981931459584,0.21390799288432324,0.0038021228011895637,10.043246666666658,0.002357622714106042,9.944560499606259e-07,5.3,54.0,4.0,1.0515106,3,0.1018867924528302,0.065,0.1668867924528302,4.8774999999999995,1.325,0.994707770896461,0.0027953355867259555,0.9954770601456608,1
44,5_6C_19PER_4_6C_NEWSTRUCTURE,0.997607557949623,0.996298809917153,0.0013087480324699419,-2.048517688565276e-05,-3.1845918596054533e-07,0.0006432607213715045,1.6432819255318038e-14,4.992261850393808,0.7219918359685898,2.8415211905489075e-05,0.278099075909549,0.0020665404877729943,-0.0015339571464889623,-0.0018413313737539738,3.631390134248948e-05,0.015353632386666665,8.029955689613272e-05,-1.7175872741011157e-06,-0.02115456771861076,34.252927118185056,0.37276905114148107,0.008033645998156029,10.043657322222217,0.0012162649255342667,-5.035835667194726e-06,5.6,19.0,4.6,1.0638335,3,0.033928571428571426,0.13260869565217392,0.16653726708074534,4.8374999999999995,1.2173913043478262,0.993929397786401,0.0036781601632219774,0.9951036911321178,1
45,5_6C_36PER_4_3C_NEWSTRUCTURE,0.997508408035084,0.998204295108144,-0.0006958870730600086,-3.7383415034132095e-06,-3.024273390864701e-07,0.0005801579301468619,,,0.30419414336805045,1.2282387771012864e-05,0.6953453891445418,0.002397771204753041,-0.000587126278743022,-0.0011147578529500102,4.6523254828564495e-05,0.01831959362,0.0001222462142757281,-1.4720538690633642e-08,-0.012168252616091614,33.74174364822637,0.21601104892889222,0.00398845018268376,10.043165777777725,0.0006992087695309737,7.041261088446498e-07,5.6,36.0,4.3,1.0548838,3,0.06428571428571428,0.10232558139534884,0.16661129568106312,4.885,1.3023255813953487,0.996571717188187,0.0009366908468969593,0.9974213410993704,1
46,4_8C_80PER_4_8C_NEWSTRUCTURE,0.998311168764898,0.998228565073363,8.260369153501035e-05,-6.7680846566337245e-06,-2.2168098048255225e-07,0.000429449304041939,,,0.41032990955724624,1.650142222666518e-05,0.5894673337376994,0.0015781992049449522,-0.0006967177684619186,-0.000964085128018044,3.120810781237602e-05,0.016018696606666664,0.00021692524403668306,-4.472449401306737e-06,-0.03776194688132469,33.36748991454692,0.5925154518919661,0.012436128318754017,11.038489166666643,0.0011972934576936216,1.8492881164829603e-06,4.8,80.0,4.8,1.0699885,3,0.16666666666666666,0.0,0.16666666666666666,4.8,1.0,0.996961715009087,0.0013494537558109698,0.9975622053881886,1
47,5C_67PER_4C_NEWSTRUCTURE,0.99828815634276,0.99824165171326,4.650462950006595e-05,-7.083692708699846e-06,-2.2039247356688654e-07,0.0004169892927302817,,,0.412061363927223,1.7199394704426938e-05,0.5877549967936779,0.0015037816746690247,-0.0005755617543090619,-0.0009747245498600288,2.607748079990255e-05,0.015743394913333333,0.00017936318105853108,-3.3769760736032903e-06,-0.03820988294466124,34.26584876093662,0.6960799570963105,0.01428094722576749,10.043671544444386,0.0005234545484861462,1.6635080076839678e-06,5.0,67.0,4.0,1.073334,3,0.134,0.0325,0.1665,4.8375,1.25,0.996565081326037,0.0017230750167229747,0.9974298916273965,1
48,5_3C_54PER_4C_NEWSTRUCTURE,0.997564234970899,0.998173246066761,-0.0006090110958620887,-6.175664012113735e-06,-2.6120049218508254e-07,0.0005449733948738281,,,0.4023807269908666,1.5350658776230677e-05,0.5972451738011845,0.0022740514546489843,-0.0008050433516039179,-0.0008599970071829777,4.311438234570865e-05,0.015575202493333334,4.169276873868255e-05,-1.9564137072762823e-08,-0.010947644088129888,33.46464680159541,0.2275631864360707,0.004172552265440152,10.043121377777721,0.001991031529857861,-4.679016845750924e-06,5.3,54.0,4.0,1.0739049,3,0.1018867924528302,0.065,0.1668867924528302,4.8774999999999995,1.325,0.996938113421402,0.0006261215494969274,0.9975618253534368,1
49,4_8C_80PER_4_8C_NEWSTRUCTURE,0.998476334397773,0.998227184259737,0.0002491501380359473,-6.984232534212762e-06,-1.717475403077719e-07,0.00033527536157964877,3.3565569693619796e-15,4.974071854142021,0.3656540548076233,1.9114739368041862e-05,0.6339797604451907,0.0012389885432440018,-0.0007934936394309311,-0.000694645041849018,2.2055260355228443e-05,0.01561960604,3.756755874973105e-05,-1.019996302057988e-07,-0.011401239527499685,32.833492255768626,0.21754049388170923,0.003918807506281902,11.038759266666688,0.0035819165373544622,1.0207552928652999e-05,4.8,80.0,4.8,1.0721447,3,0.16666666666666666,0.0,0.16666666666666666,4.8,1.0,0.996960974577406,0.0015153598203669905,0.997584242033748,1
