group,feature,n,pearson,pearson_p,spearman,spearman_p
3_6C-80PER_3_6C,cycle,1100,-0.34575708388329507,3.043262824809846e-32,-0.41671786331293104,1.9133846731540106e-47
3_6C-80PER_3_6C,log_cycle,1100,-0.2794524642809555,3.497348304403912e-21,-0.41671786331293104,1.9133846731540106e-47
3_6C-80PER_3_6C,cycle_sq,1100,-0.3460018670828455,2.7363846732181623e-32,-0.41671786331293104,1.9133846731540106e-47
3_6C-80PER_3_6C,capacity,1100,0.5648149963141962,1.0494568278849442e-93,0.29505556197366767,1.5522302883845066e-23
3_6C-80PER_3_6C,SOH,1100,0.6296623483851198,1.526380724851314e-122,0.9775891085263222,0.0
3_6C-80PER_3_6C,SOH_smooth,1100,0.9999999999999999,0.0,1.0,0.0
3_6C-80PER_3_6C,soh1,1100,0.027181361935689125,0.3677769834461063,0.306694716812025,2.1790482365380736e-25
3_6C-80PER_3_6C,soh_loss,1100,-0.9443956035120009,0.0,-0.4773340045465676,1.12280403863342e-63
3_6C-80PER_3_6C,dsoh,1100,0.20644033088926425,4.722717227805314e-12,0.4039515945884581,1.991090583751223e-44
3_6C-80PER_3_6C,abs_dsoh,1100,0.221341554403849,1.1277502944868465e-13,-0.2230143702024391,7.288224508256743e-14
3_6C-80PER_3_6C,soh_slope_w10,1088,0.43062502100145433,2.398432764586532e-50,0.5096302696386611,5.709748812574409e-73
3_6C-80PER_3_6C,soh_slope_w25,1088,0.5861772827809058,2.1692224432092287e-101,0.5149709636963262,1.0056924484066396e-74
3_6C-80PER_3_6C,soh_slope_w50,1088,0.6160898610474554,1.064298780022046e-114,0.40811687794466517,6.398910431682611e-45
3_6C-80PER_3_6C,soh_curv_w50,1088,0.4602136305720017,3.9273168195854355e-58,-0.19196196546230734,1.7250029673644747e-10
3_6C-80PER_3_6C,soh_std_w25,1088,0.3769474710040501,4.616280816348389e-38,-0.21199383904362049,1.6062056464369447e-12
3_6C-80PER_3_6C,chargetime,1100,-0.2064850881604261,4.671956345850987e-12,-0.00048260851710041266,0.987243872431248
3_6C-80PER_3_6C,ct_slope_w25,1088,-0.11069788704629364,0.00025379064529648497,-0.05929910848492728,0.050530636893100646
3_6C-80PER_3_6C,ct_std_w25,1088,-0.42229555693045917,2.730097665812253e-48,0.12319721771507686,4.6113236614637094e-05
3_6C-80PER_3_6C,ct_cummean,1100,-0.20029455992963446,2.0347441851037815e-11,0.05311189561264307,0.07827863326069483
3_6C-80PER_3_6C,IR,1100,-0.12599018156651604,2.7824300321376552e-05,-0.4791832034010679,3.17569302032765e-64
3_6C-80PER_3_6C,ir_slope_w25,1088,0.01995440189943197,0.510858364557188,-0.04084703336662776,0.17819089171889285
3_6C-80PER_3_6C,ir_std_w25,1088,0.0101192507746494,0.7388272531289686,-0.227506389660214,3.067143191657327e-14
3_6C-80PER_3_6C,ir_delta,1100,-0.049050407440704574,0.103960910525338,-0.339151690618971,5.17111945781144e-31
3_6C-80PER_3_6C,ir_rel,1100,-0.04857129733959,0.10738771593872272,-0.34138985009582035,1.99550284038085e-31
3_6C-80PER_3_6C,Tavg,1100,-0.12792712474472245,2.085499474824209e-05,0.04140843729991156,0.16994216255664255
3_6C-80PER_3_6C,tavg_slope_w25,1088,-0.09573454873277096,0.0015700028538340274,-0.06889899290439386,0.023043580642283023
3_6C-80PER_3_6C,tavg_std_w25,1088,-0.29857603842015024,7.676051009936728e-24,-0.24555205359113638,2.0987953475368926e-16
3_6C-80PER_3_6C,tavg_cummean,1100,-0.064560509740893,0.03227167901719948,0.08702492920489953,0.0038709608090997483
3_6C-80PER_3_6C,tavg_max_w25,1088,-0.20280175831474467,1.4584410318828333e-11,-0.046107550737745875,0.1285334585478158
3_6C-80PER_3_6C,C1_filled,1100,,,,
3_6C-80PER_3_6C,Q1,1100,,,,
3_6C-80PER_3_6C,C2,1100,,,,
3_6C-80PER_3_6C,initial_capacity,1100,0.3375453641675842,1.0192727677868314e-30,0.19676208189856131,4.613758204803406e-11
3_6C-80PER_3_6C,mean_chargetime,1100,-0.0814655980276199,0.006864843444889345,-0.09015591442855492,0.002764034915166417
3_6C-80PER_3_6C,mean_IR,1100,-0.4327862880980365,1.9684189845636432e-51,-0.44121832291972224,1.299746760992459e-53
3_6C-80PER_3_6C,mean_Tavg,1100,-0.10098417505892456,0.0007964217843029962,0.06888363321298165,0.02232876137091721
3_6C-80PER_3_6C,dataset_id,1100,-0.3568739487176461,2.2136484691855692e-34,-0.27246172536085017,3.5502421911508965e-20
3_6C-80PER_3_6C,t1,1100,,,,
3_6C-80PER_3_6C,t2,1100,,,,
3_6C-80PER_3_6C,t12,1100,,,,
3_6C-80PER_3_6C,avgC80,1100,,,,
3_6C-80PER_3_6C,C1_over_C2,1100,,,,
3_7C_31PER_5_9C,cycle,550,-0.9658216573478118,2e-323,-0.9773780282869415,0.0
3_7C_31PER_5_9C,log_cycle,550,-0.8423449626965391,3.0912278886791885e-149,-0.9773780282869415,0.0
3_7C_31PER_5_9C,cycle_sq,550,-0.9327853579927091,5.033519045784693e-245,-0.9773780282869415,0.0
3_7C_31PER_5_9C,capacity,550,0.8788566733229582,2.8782170467046365e-178,0.856996270412781,6.583973768321072e-160
3_7C_31PER_5_9C,SOH,550,0.9998668935561822,0.0,0.9994875053878529,0.0
3_7C_31PER_5_9C,SOH_smooth,550,1.0,0.0,1.0,0.0
3_7C_31PER_5_9C,soh1,550,-0.07125142890999428,0.09505505179994699,-0.012016307126531064,0.7785751115202116
3_7C_31PER_5_9C,soh_loss,550,-0.9999948416770222,0.0,-0.9999723034376257,0.0
3_7C_31PER_5_9C,dsoh,550,0.5049743085393895,6.277334338427343e-37,0.4674792770750048,3.2865197374434186e-31
3_7C_31PER_5_9C,abs_dsoh,550,-0.5056127298722755,4.944664869517606e-37,-0.4674784115574305,3.2874583519577444e-31
3_7C_31PER_5_9C,soh_slope_w10,544,0.546559829959388,1.0728730413755002e-43,0.5150799957065292,3.430181007535207e-38
3_7C_31PER_5_9C,soh_slope_w25,544,0.645281887854456,2.2049379078502798e-65,0.619376671546514,6.15235112246563e-59
3_7C_31PER_5_9C,soh_slope_w50,544,0.7301136274722653,1.0937451341503436e-91,0.7136974385273395,7.52060237621551e-86
3_7C_31PER_5_9C,soh_curv_w50,544,-0.6846633821291223,1.7835555548572135e-76,-0.7468648719561826,4.1845232506299015e-98
3_7C_31PER_5_9C,soh_std_w25,544,-0.6468241701597226,8.705726791932441e-66,-0.6195491557665186,5.598994519313019e-59
3_7C_31PER_5_9C,chargetime,550,-0.9526302467089093,1.8643948448104736e-285,-0.9825135169492671,0.0
3_7C_31PER_5_9C,ct_slope_w25,544,-0.7515255287449486,5.564270098802267e-100,-0.7770840476694503,4.579949070536837e-111
3_7C_31PER_5_9C,ct_std_w25,544,-0.7523703223100433,2.5167742252141725e-100,-0.7382343251051751,9.762881522478981e-95
3_7C_31PER_5_9C,ct_cummean,550,-0.9531313523140184,1.0847282591289517e-286,-0.9697415799120597,0.0
3_7C_31PER_5_9C,IR,550,-0.26366109729855236,3.3682350149954146e-10,-0.306562299680029,1.968892190782128e-13
3_7C_31PER_5_9C,ir_slope_w25,544,0.44714889306422323,4.2369114601671185e-28,0.4639715199780555,2.1609226532050148e-30
3_7C_31PER_5_9C,ir_std_w25,544,0.1391322798309581,0.0011400583868202971,0.10995086361373074,0.010277241650162253
3_7C_31PER_5_9C,ir_delta,550,-0.8841235007124182,3.1645741775405755e-183,-0.8715639154537209,9.039290400930212e-172
3_7C_31PER_5_9C,ir_rel,550,-0.8711291681936032,2.142004133067251e-171,-0.8575685526883665,2.386169436979553e-160
3_7C_31PER_5_9C,Tavg,550,-0.572115860706762,3.921044918311569e-49,-0.5309606252642758,2.49339666663899e-41
3_7C_31PER_5_9C,tavg_slope_w25,544,-0.20788347713204797,1.0031816220429806e-06,-0.2065476172728709,1.1804808194320289e-06
3_7C_31PER_5_9C,tavg_std_w25,544,-0.607256928066011,4.004441990770045e-56,-0.7454735191253244,1.4921150298244098e-97
3_7C_31PER_5_9C,tavg_cummean,550,-0.4295068732857735,4.26190770510528e-26,-0.46793587597134056,2.826594736746075e-31
3_7C_31PER_5_9C,tavg_max_w25,544,-0.6618254363343661,7.741347382789603e-70,-0.6277604882036986,5.883593428393382e-61
3_7C_31PER_5_9C,C1_filled,550,,,,
3_7C_31PER_5_9C,Q1,550,,,,
3_7C_31PER_5_9C,C2,550,,,,
3_7C_31PER_5_9C,initial_capacity,550,0.2057078482672076,1.142082563859662e-06,0.15308130726327887,0.00031436526714801214
3_7C_31PER_5_9C,mean_chargetime,550,-0.20501371239903637,1.2430208845679508e-06,-0.15308130726327887,0.00031436526714801214
3_7C_31PER_5_9C,mean_IR,550,0.1683569589405267,7.257164825407276e-05,0.15308130726327887,0.00031436526714801214
3_7C_31PER_5_9C,mean_Tavg,550,-0.17801064332313193,2.6833052659833493e-05,-0.16293375831721624,0.0001239804650412872
3_7C_31PER_5_9C,dataset_id,550,,,,
3_7C_31PER_5_9C,t1,550,,,,
3_7C_31PER_5_9C,t2,550,,,,
3_7C_31PER_5_9C,t12,550,,,,
3_7C_31PER_5_9C,avgC80,550,,,,
3_7C_31PER_5_9C,C1_over_C2,550,,,,
4_8C_80PER_4_8C,cycle,1700,-0.1449286669205024,1.93841639020537e-09,-0.5901260328338199,4.6881811619219695e-160
4_8C_80PER_4_8C,log_cycle,1700,-0.10034930862909205,3.3991627272948536e-05,-0.5901260328338199,4.6881811619219695e-160
4_8C_80PER_4_8C,cycle_sq,1700,-0.15579904278358434,1.0573914029804064e-10,-0.5901260328338199,4.6881811619219695e-160
4_8C_80PER_4_8C,capacity,1700,0.8367466401605056,0.0,0.5314328480757036,1.5641223169946582e-124
4_8C_80PER_4_8C,SOH,1700,0.9993498566889807,0.0,0.981829431175966,0.0
4_8C_80PER_4_8C,SOH_smooth,1700,1.0,0.0,0.9999999999999999,0.0
4_8C_80PER_4_8C,soh1,1700,0.981933284560432,0.0,0.5560583894524852,1.4152967434191553e-138
4_8C_80PER_4_8C,soh_loss,1700,-0.19631146788501858,3.14127540544471e-16,-0.753153394564625,3.8335125683207e-311
4_8C_80PER_4_8C,dsoh,1700,0.0855872947830545,0.0004112726335230152,0.5342158033992361,4.6238439464432357e-126
4_8C_80PER_4_8C,abs_dsoh,1700,-0.1638495452686158,1.0704073146003086e-11,-0.5066580591971208,1.5798629779315384e-111
4_8C_80PER_4_8C,soh_slope_w10,1682,0.10329888822639693,2.1886265360061554e-05,0.6169013024516214,5.9388504471497396e-177
4_8C_80PER_4_8C,soh_slope_w25,1682,0.12997240548381944,8.834637340808276e-08,0.6694596108545704,3.763203217847568e-219
4_8C_80PER_4_8C,soh_slope_w50,1682,0.1558276001416214,1.3155084308191407e-10,0.7161407905165192,1.161277541918531e-264
4_8C_80PER_4_8C,soh_curv_w50,1682,-0.08047938487308437,0.0009547168398242852,-0.3163078373211981,2.137943337588597e-40
4_8C_80PER_4_8C,soh_std_w25,1682,-0.11842028920552619,1.1147933406396398e-06,-0.4686855751090199,1.3582924576334694e-92
4_8C_80PER_4_8C,chargetime,1700,-0.1534744338932345,2.004727604071062e-10,0.06237029486209402,0.010105271691879034
4_8C_80PER_4_8C,ct_slope_w25,1682,-0.030478110305457825,0.21154252625560319,-0.12255514527349762,4.618149883032491e-07
4_8C_80PER_4_8C,ct_std_w25,1682,-0.06766920251006392,0.00549675842457355,0.06048109113870777,0.013105500383595361
4_8C_80PER_4_8C,ct_cummean,1700,-0.1689513544672879,2.3598106411672178e-12,0.26821803541027067,2.1227117055699523e-29
4_8C_80PER_4_8C,IR,1700,0.4099913952278692,6.552229172248498e-70,0.08126943865428704,0.0007967855962105157
4_8C_80PER_4_8C,ir_slope_w25,1682,-0.03933825492032613,0.10679383879413734,-0.19707125132074407,3.450756019818488e-16
4_8C_80PER_4_8C,ir_std_w25,1682,-0.2947937905713023,4.4780459459912694e-35,-0.2753335551194369,1.2198244806968874e-30
4_8C_80PER_4_8C,ir_delta,1700,-0.034903591436638806,0.15029458932725,0.1740351665400764,4.989590940352172e-13
4_8C_80PER_4_8C,ir_rel,1700,0.0023138542286858105,0.9240506425766148,0.18557526798807442,1.2296734158287383e-14
4_8C_80PER_4_8C,Tavg,1700,-0.43164621792723484,4.231664266626151e-78,-0.11015728053478054,5.303217134174588e-06
4_8C_80PER_4_8C,tavg_slope_w25,1682,0.0037383210042198772,0.8782379548442879,0.01710077175241968,0.48338413843222117
4_8C_80PER_4_8C,tavg_std_w25,1682,-0.3796913762606995,8.235239093041353e-59,-0.3610627644901069,5.921987217020038e-53
4_8C_80PER_4_8C,tavg_cummean,1700,-0.46042774563179667,5.977280298790622e-90,-0.09533099329588611,8.261844191825027e-05
4_8C_80PER_4_8C,tavg_max_w25,1682,-0.4563462688426902,2.767243119424792e-87,-0.14424316036360144,2.8082510817973844e-09
4_8C_80PER_4_8C,C1_filled,1700,,,,
4_8C_80PER_4_8C,Q1,1700,,,,
4_8C_80PER_4_8C,C2,1700,,,,
4_8C_80PER_4_8C,initial_capacity,1700,-0.8999596176426372,0.0,-0.5441664868442038,1.1978105141199051e-131
4_8C_80PER_4_8C,mean_chargetime,1700,0.16955344696562213,1.96800159953401e-12,0.04761480881455416,0.049660331640363146
4_8C_80PER_4_8C,mean_IR,1700,0.36297043611798613,4.323570525958827e-54,0.09028939746048313,0.00019330838739552693
4_8C_80PER_4_8C,mean_Tavg,1700,-0.4207308290738233,6.7564436378467926e-74,-0.04413896759472604,0.06884366203010567
4_8C_80PER_4_8C,dataset_id,1700,-0.15150414215708335,3.421746835693472e-10,0.19665585058301505,2.782684528976289e-16
4_8C_80PER_4_8C,t1,1700,,,,
4_8C_80PER_4_8C,t2,1700,,,,
4_8C_80PER_4_8C,t12,1700,,,,
4_8C_80PER_4_8C,avgC80,1700,,,,
4_8C_80PER_4_8C,C1_over_C2,1700,,,,
5C_67PER_4C,cycle,1350,-0.8615989853407982,0.0,-0.852416126400829,0.0
5C_67PER_4C,log_cycle,1350,-0.5792792450099344,8.067202721793693e-122,-0.852416126400829,0.0
5C_67PER_4C,cycle_sq,1350,-0.922669623479919,0.0,-0.852416126400829,0.0
5C_67PER_4C,capacity,1350,0.265737292649241,2.9640696646736894e-23,0.3622123036500811,4.061225058364658e-43
5C_67PER_4C,SOH,1350,0.9830866283467624,0.0,0.9839975160551596,0.0
5C_67PER_4C,SOH_smooth,1350,1.0,0.0,1.0,0.0
5C_67PER_4C,soh1,1350,-0.039020972610511115,0.1518750608814351,-0.04089882979244534,0.1331086294627009
5C_67PER_4C,soh_loss,1350,-0.9380167180733125,0.0,-0.9152503839252504,0.0
5C_67PER_4C,dsoh,1350,0.39380453302604745,2.588272317520727e-51,0.6662505802427028,5.641262421069172e-174
5C_67PER_4C,abs_dsoh,1350,-0.2328149181230275,4.4919334835017235e-18,-0.5386665254458316,1.9337331245578256e-102
5C_67PER_4C,soh_slope_w10,1336,0.4569107463341924,7.032310433423205e-70,0.7363816449525963,1.2764353440659574e-228
5C_67PER_4C,soh_slope_w25,1336,0.525801345480859,7.521523757438073e-96,0.8129645224941777,1.40608807e-315
5C_67PER_4C,soh_slope_w50,1336,0.6255099787685247,5.718454838661308e-146,0.8667037576960068,0.0
5C_67PER_4C,soh_curv_w50,1336,-0.27709126051747807,5.643395234826625e-25,-0.6099023839323109,6.329325895147822e-137
5C_67PER_4C,soh_std_w25,1336,-0.17780579496706175,5.94255812219654e-11,-0.3555322204581952,4.3717651747316166e-41
5C_67PER_4C,chargetime,1350,0.015377507041226661,0.5724032273368084,0.010045850366829007,0.7122950647429286
5C_67PER_4C,ct_slope_w25,1336,-0.04833647568009239,0.0773721481676207,-0.034916339616616096,0.20215599554994512
5C_67PER_4C,ct_std_w25,1336,0.10080488244792354,0.0002238066844881851,0.10657992713404213,9.496301195108202e-05
5C_67PER_4C,ct_cummean,1350,0.05134134356912166,0.05930872625158736,0.09067952666457794,0.0008512591146846636
5C_67PER_4C,IR,1350,0.12208544109220025,6.847104415864609e-06,0.04798642114540581,0.07798218104336734
5C_67PER_4C,ir_slope_w25,1336,-0.16019788899668108,3.908228951563702e-09,-0.14737525193325163,6.257142982220103e-08
5C_67PER_4C,ir_std_w25,1336,0.07051285812739115,0.009933487497575076,-0.13457013095572318,7.950296659669856e-07
5C_67PER_4C,ir_delta,1350,-0.018186112485589857,0.5043655356636685,-0.05269918947866284,0.05288687554570303
5C_67PER_4C,ir_rel,1350,-0.014833409274058625,0.5860703724272858,-0.05256466593541927,0.05349603269168022
5C_67PER_4C,Tavg,1350,-0.15773680336654983,5.651235533004108e-09,-0.2599590635349228,2.7314138089706287e-22
5C_67PER_4C,tavg_slope_w25,1336,0.03828061381087978,0.16198987683700797,0.02164107071965336,0.4293163028041037
5C_67PER_4C,tavg_std_w25,1336,-0.3165803903342178,1.7532730206629832e-32,-0.5057053625305086,1.190186158149603e-87
5C_67PER_4C,tavg_cummean,1350,-0.08385326205672841,0.0020455120664492196,-0.24750549657366064,2.719577571255596e-20
5C_67PER_4C,tavg_max_w25,1336,-0.193275941594594,1.0395523360193482e-12,-0.28243709483546464,6.358471006725551e-26
5C_67PER_4C,C1_filled,1350,,,,
5C_67PER_4C,Q1,1350,,,,
5C_67PER_4C,C2,1350,,,,
5C_67PER_4C,initial_capacity,1350,0.08102709309993994,0.0028893846743307484,0.12096812162108085,8.31489514893631e-06
5C_67PER_4C,mean_chargetime,1350,0.06704174010924227,0.013748765728030904,0.033552342633425006,0.21795031874530296
5C_67PER_4C,mean_IR,1350,0.12861827543753762,2.125989966471658e-06,0.08090562663269255,0.002931924717459844
5C_67PER_4C,mean_Tavg,1350,0.0701671526695968,0.009911642723784706,0.0594549389428401,0.028931185300374272
5C_67PER_4C,dataset_id,1350,,,,
5C_67PER_4C,t1,1350,,,,
5C_67PER_4C,t2,1350,,,,
5C_67PER_4C,t12,1350,,,,
5C_67PER_4C,avgC80,1350,,,,
5C_67PER_4C,C1_over_C2,1350,,,,
5_3C_54PER_4C,cycle,1550,-0.7770652124098545,1.50106095656e-313,-0.779374359061195,1.29330596e-316
5_3C_54PER_4C,log_cycle,1550,-0.5349262805716701,1.8689974528542724e-115,-0.779374359061195,1.29330596e-316
5_3C_54PER_4C,cycle_sq,1550,-0.8240494672818179,0.0,-0.779374359061195,1.29330596e-316
5_3C_54PER_4C,capacity,1550,0.4086280557854951,1.9179043498026575e-63,0.4857601154828511,1.4133407591369487e-92
5_3C_54PER_4C,SOH,1550,0.9645348547819329,0.0,0.9714761838371762,0.0
5_3C_54PER_4C,SOH_smooth,1550,1.0,0.0,1.0,0.0
5_3C_54PER_4C,soh1,1550,-0.284701847662887,2.725896720100252e-30,-0.2114422956557973,3.9941708460372784e-17
5_3C_54PER_4C,soh_loss,1550,-0.9573005138990042,0.0,-0.9466395289434901,0.0
5_3C_54PER_4C,dsoh,1550,0.30486356729280867,1.0710189203750077e-34,0.6242977071181838,3.1296093503708977e-168
5_3C_54PER_4C,abs_dsoh,1550,-0.11868356583277252,2.7944705799493996e-06,-0.45203458837132476,6.54382782491165e-79
5_3C_54PER_4C,soh_slope_w10,1534,0.41267610611187466,3.847583381753197e-64,0.7007406536676742,6.091504610512607e-227
5_3C_54PER_4C,soh_slope_w25,1534,0.49930009628774763,1.6483315972419727e-97,0.7849346973840168,8.053e-321
5_3C_54PER_4C,soh_slope_w50,1534,0.5945457812288728,2.741016547281395e-147,0.8496781112839056,0.0
5_3C_54PER_4C,soh_curv_w50,1534,-0.1527231192811387,1.8321958918915832e-09,-0.5418521452032538,8.825610404239802e-118
5_3C_54PER_4C,soh_std_w25,1534,-0.08084888455039572,0.0015288000228036564,-0.2967691551903754,1.457955135151424e-32
5_3C_54PER_4C,chargetime,1550,-0.04136996762925282,0.1034993850241192,-0.05998338925960486,0.01818792327291353
5_3C_54PER_4C,ct_slope_w25,1534,-0.042245277765375656,0.09813130516466925,-0.03228158410987061,0.2063559415582615
5_3C_54PER_4C,ct_std_w25,1534,-0.10617198525717755,3.089631938961024e-05,-0.146668210622842,7.880025740106276e-09
5_3C_54PER_4C,ct_cummean,1550,-0.1258983455901555,6.612201926975514e-07,-0.03066754000461536,0.22755077475882143
5_3C_54PER_4C,IR,1550,0.08967330068546539,0.0004082132700950952,0.1165942029258715,4.178112972975114e-06
5_3C_54PER_4C,ir_slope_w25,1534,-0.1521432513231183,2.1122777067210896e-09,-0.17107106366285232,1.53516059516568e-11
5_3C_54PER_4C,ir_std_w25,1534,-0.021445700066650045,0.40126686955081453,-0.26692108223635186,1.9537369612282563e-26
5_3C_54PER_4C,ir_delta,1550,-0.16761873478337339,3.1184021394925387e-11,-0.40697865718864135,6.713913088130047e-63
5_3C_54PER_4C,ir_rel,1550,-0.16375462470297814,8.834923669409743e-11,-0.3957106785460431,2.9061558034176266e-59
5_3C_54PER_4C,Tavg,1550,-0.38361300074000876,1.6345372648181022e-55,-0.37651285115502514,2.1975750840216196e-53
5_3C_54PER_4C,tavg_slope_w25,1534,-0.048053549371544775,0.05988584490109917,-0.011988194373357833,0.6389499345396913
5_3C_54PER_4C,tavg_std_w25,1534,-0.5688206927799326,3.2418180204637117e-132,-0.658916348975483,1.1144237043846407e-191
5_3C_54PER_4C,tavg_cummean,1550,-0.311728339220404,2.8052776333583416e-36,-0.3516619271796146,2.4275678430376707e-46
5_3C_54PER_4C,tavg_max_w25,1534,-0.4153733970246357,4.8489648918883215e-65,-0.4133421643945925,2.3111346310576882e-64
5_3C_54PER_4C,C1_filled,1550,,,,
5_3C_54PER_4C,Q1,1550,,,,
5_3C_54PER_4C,C2,1550,,,,
5_3C_54PER_4C,initial_capacity,1550,0.21199434722163063,3.2965578102305073e-17,0.22929854789164655,6.114733613360519e-20
5_3C_54PER_4C,mean_chargetime,1550,0.24425367113413338,1.7274526083224964e-22,0.22167784240892632,1.041968930823061e-18
5_3C_54PER_4C,mean_IR,1550,0.12914055082902764,3.368966249176601e-07,0.07740987531468653,0.0022903332963263748
5_3C_54PER_4C,mean_Tavg,1550,-0.23856532498784708,1.6895278689907498e-21,-0.23258825502195657,1.7409794138726027e-20
5_3C_54PER_4C,dataset_id,1550,,,,
5_3C_54PER_4C,t1,1550,,,,
5_3C_54PER_4C,t2,1550,,,,
5_3C_54PER_4C,t12,1550,,,,
5_3C_54PER_4C,avgC80,1550,,,,
5_3C_54PER_4C,C1_over_C2,1550,,,,
5_6C_19PER_4_6C,cycle,1550,-0.9168981345116067,0.0,-0.9178632742061417,0.0
5_6C_19PER_4_6C,log_cycle,1550,-0.6788153911782772,7.167049353791465e-210,-0.9178632742061417,0.0
5_6C_19PER_4_6C,cycle_sq,1550,-0.9530386872460122,0.0,-0.9178632742061417,0.0
5_6C_19PER_4_6C,capacity,1550,0.49852266515183224,3.684480410763218e-98,0.4882673834467756,1.179942112955994e-93
5_6C_19PER_4_6C,SOH,1550,0.9908847064266564,0.0,0.9877489833816434,0.0
5_6C_19PER_4_6C,SOH_smooth,1550,1.0,0.0,1.0,0.0
5_6C_19PER_4_6C,soh1,1550,-0.060955964909363954,0.016389039283057318,-0.09096249740447779,0.0003361190561377305
5_6C_19PER_4_6C,soh_loss,1550,-0.9610352427004691,0.0,-0.9502246139585142,0.0
5_6C_19PER_4_6C,dsoh,1550,0.476836193666756,8.250159791644063e-89,0.7120251543388638,5.388791969276976e-240
5_6C_19PER_4_6C,abs_dsoh,1550,-0.2668352336731183,1.1183325574286463e-26,-0.5272122828893889,1.3002996051333312e-111
5_6C_19PER_4_6C,soh_slope_w10,1534,0.5347125040717111,3.562047047674178e-114,0.7771013005738083,2.23090743330065e-310
5_6C_19PER_4_6C,soh_slope_w25,1534,0.5957079939857487,5.3027554621158955e-148,0.8470042587031141,0.0
5_6C_19PER_4_6C,soh_slope_w50,1534,0.6821369011739915,1.587651059820393e-210,0.9023504699896966,0.0
5_6C_19PER_4_6C,soh_curv_w50,1534,-0.34484444385877394,4.489195286737438e-44,-0.5905015679288149,7.903721999282098e-145
5_6C_19PER_4_6C,soh_std_w25,1534,-0.3247804558786442,5.156934550672392e-39,-0.4389338298477954,2.949312554016339e-73
5_6C_19PER_4_6C,chargetime,1550,0.19560762814371227,7.845941139873323e-15,0.14007604403012222,3.0651693048092393e-08
5_6C_19PER_4_6C,ct_slope_w25,1534,0.03379854166344897,0.18581438378337023,0.06526674303726886,0.010560947555840623
5_6C_19PER_4_6C,ct_std_w25,1534,0.19361671493653163,2.016593489136126e-14,0.1853499655461313,2.534900016069238e-13
5_6C_19PER_4_6C,ct_cummean,1550,0.13347045213653252,1.3340121413177207e-07,0.005482911885740908,0.8292294506290018
5_6C_19PER_4_6C,IR,1550,0.12757000914273436,4.680072807114595e-07,0.14517379447226994,9.39375117681898e-09
5_6C_19PER_4_6C,ir_slope_w25,1534,-0.2154255623852468,1.4521064780267607e-17,-0.20617067528942673,3.459044770399811e-16
5_6C_19PER_4_6C,ir_std_w25,1534,0.014627124747900769,0.567014337541163,-0.14475191656267233,1.2352085577741497e-08
5_6C_19PER_4_6C,ir_delta,1550,0.22253386139264597,7.61674770227881e-19,0.10273272377315712,5.077006607305981e-05
5_6C_19PER_4_6C,ir_rel,1550,0.21980788571612078,2.056666200376516e-18,0.10248884374270452,5.291068819948956e-05
5_6C_19PER_4_6C,Tavg,1550,-0.3128615870148869,1.5232807067468323e-36,-0.34497420045248856,1.4988360565079424e-44
5_6C_19PER_4_6C,tavg_slope_w25,1534,-0.023202820216498173,0.3637987899906594,-0.037611464163800366,0.14090682389520498
5_6C_19PER_4_6C,tavg_std_w25,1534,-0.41615812915472183,2.6447977261772365e-65,-0.5878652371663898,3.039068393067142e-143
5_6C_19PER_4_6C,tavg_cummean,1550,-0.22733192724258555,1.2837948731279243e-19,-0.3153301576346533,3.991012768439e-37
5_6C_19PER_4_6C,tavg_max_w25,1534,-0.3255790221626804,3.2971182037297525e-39,-0.37074417567089973,3.537407025949307e-51
5_6C_19PER_4_6C,C1_filled,1550,,,,
5_6C_19PER_4_6C,Q1,1550,,,,
5_6C_19PER_4_6C,C2,1550,,,,
5_6C_19PER_4_6C,initial_capacity,1550,0.14110348867423506,2.4232141716361062e-08,0.1249616059781986,8.009743982837486e-07
5_6C_19PER_4_6C,mean_chargetime,1550,-0.04225956858994415,0.09628008923229618,0.013421465848667252,0.5974985521942142
5_6C_19PER_4_6C,mean_IR,1550,0.0757694769896066,0.002836411138071839,0.08245074159506256,0.0011581016477381129
5_6C_19PER_4_6C,mean_Tavg,1550,-0.11508683479970433,5.561256717204703e-06,-0.061578464292425195,0.015321381642471465
5_6C_19PER_4_6C,dataset_id,1550,,,,
5_6C_19PER_4_6C,t1,1550,,,,
5_6C_19PER_4_6C,t2,1550,,,,
5_6C_19PER_4_6C,t12,1550,,,,
5_6C_19PER_4_6C,avgC80,1550,,,,
5_6C_19PER_4_6C,C1_over_C2,1550,,,,
5_6C_36PER_4_3C,cycle,1550,-0.8294354209145494,0.0,-0.8419732135107242,0.0
5_6C_36PER_4_3C,log_cycle,1550,-0.5929539231680455,7.995793207487407e-148,-0.8419732135107242,0.0
5_6C_36PER_4_3C,cycle_sq,1550,-0.8717408538830526,0.0,-0.8419732135107242,0.0
5_6C_36PER_4_3C,capacity,1550,0.28593134514736457,1.502902523216902e-30,0.29601940163683355,1.0140792291941158e-32
5_6C_36PER_4_3C,SOH,1550,0.9891202626993201,0.0,0.9872059829487512,0.0
5_6C_36PER_4_3C,SOH_smooth,1550,1.0,0.0,1.0,0.0
5_6C_36PER_4_3C,soh1,1550,-0.2739919176925362,4.300825928825457e-28,-0.23607100140003853,4.507562708538355e-21
5_6C_36PER_4_3C,soh_loss,1550,-0.9541506028054811,0.0,-0.9217834844225025,0.0
5_6C_36PER_4_3C,dsoh,1550,0.4516753759586979,8.980294935176765e-79,0.6830303597908551,1.7991535997021513e-213
5_6C_36PER_4_3C,abs_dsoh,1550,-0.2926824281674009,5.418978732401749e-32,-0.5366337867606988,2.5559151699565337e-116
5_6C_36PER_4_3C,soh_slope_w10,1534,0.506125250638725,1.4329931385940688e-100,0.745117416040215,8.531710673681192e-272
5_6C_36PER_4_3C,soh_slope_w25,1534,0.561459075860399,3.832754130695947e-128,0.8202152428289865,0.0
5_6C_36PER_4_3C,soh_slope_w50,1534,0.6430255909217816,1.0096523359709123e-179,0.8852912635306118,0.0
5_6C_36PER_4_3C,soh_curv_w50,1534,-0.2861920654654428,2.6366821290594584e-30,-0.5434467144427976,1.3442330820476502e-118
5_6C_36PER_4_3C,soh_std_w25,1534,-0.2983557170456659,6.559034728776509e-33,-0.4121189240187251,5.888185170878619e-64
5_6C_36PER_4_3C,chargetime,1550,-0.0766783824839229,0.0025207145179862033,-0.0400833447843168,0.11469347074740148
5_6C_36PER_4_3C,ct_slope_w25,1534,-0.08772427456457813,0.0005824274562078288,-0.06113324950291361,0.016636144154546895
5_6C_36PER_4_3C,ct_std_w25,1534,-0.13090010754746612,2.6773951212203285e-07,-0.035281431381409524,0.16723373585181245
5_6C_36PER_4_3C,ct_cummean,1550,-0.09267022832070634,0.00025884015905554785,-0.10545994950499728,3.17943389646116e-05
5_6C_36PER_4_3C,IR,1550,0.2232471868270835,5.860523903488126e-19,0.15446333453232414,9.774890269516475e-10
5_6C_36PER_4_3C,ir_slope_w25,1534,-0.1391487058944066,4.446333124562573e-08,-0.11994473551759659,2.465285107793594e-06
5_6C_36PER_4_3C,ir_std_w25,1534,0.10420902312485818,4.326882572817538e-05,-0.1692488370151957,2.5296962857878998e-11
5_6C_36PER_4_3C,ir_delta,1550,-0.13985850145590148,3.220848404381886e-08,-0.27085687271905146,1.814147073634806e-27
5_6C_36PER_4_3C,ir_rel,1550,-0.1141142968597953,6.675566286537614e-06,-0.24216812355770942,4.0132436093078553e-22
5_6C_36PER_4_3C,Tavg,1550,-0.5062012952315307,1.233005969792802e-101,-0.5211256762766737,1.1927786895038195e-108
5_6C_36PER_4_3C,tavg_slope_w25,1534,-0.12988432993182547,3.3153014024184684e-07,-0.09398082067284312,0.00022776854032408026
5_6C_36PER_4_3C,tavg_std_w25,1534,-0.44218584853025156,1.9218442487641843e-74,-0.6547816354085824,1.6906656854303753e-188
5_6C_36PER_4_3C,tavg_cummean,1550,-0.4160850485573727,6.084270254667417e-66,-0.43439127234573455,2.37749056187133e-72
5_6C_36PER_4_3C,tavg_max_w25,1534,-0.5412179804888895,1.8601843831065203e-117,-0.568133457661979,7.858763046676379e-132
5_6C_36PER_4_3C,C1_filled,1550,,,,
5_6C_36PER_4_3C,Q1,1550,,,,
5_6C_36PER_4_3C,C2,1550,,,,
5_6C_36PER_4_3C,initial_capacity,1550,0.09120683354926785,0.00032387406508468974,0.10667412176688905,2.571977756439158e-05
5_6C_36PER_4_3C,mean_chargetime,1550,0.32881884381397997,2.1097404889259118e-40,0.2661873979687203,1.494711588155037e-26
5_6C_36PER_4_3C,mean_IR,1550,0.22120688950299316,1.2373228534202346e-18,0.16641851017724352,4.320725407083735e-11
5_6C_36PER_4_3C,mean_Tavg,1550,-0.3047551065543107,1.1335790172618278e-34,-0.24848073693791775,3.0530411349774105e-23
5_6C_36PER_4_3C,dataset_id,1550,,,,
5_6C_36PER_4_3C,t1,1550,,,,
5_6C_36PER_4_3C,t2,1550,,,,
5_6C_36PER_4_3C,t12,1550,,,,
5_6C_36PER_4_3C,avgC80,1550,,,,
5_6C_36PER_4_3C,C1_over_C2,1550,,,,
