cutoff,model,policy,n_batteries,RMSE,MAE
50,Persistence,3_6C-80PER_3_6C,2,0.0005703233969896591,0.00043533062556015743
50,Persistence,3_7C_31PER_5_9C_NEWSTRUCTURE,2,0.005332634628022158,0.00457391338912442
50,Persistence,4_8C_80PER_4_8C,2,0.0013966350722395648,0.0010559014944239375
50,Persistence,4_8C_80PER_4_8C_NEWSTRUCTURE,5,0.0009503271464177001,0.000603124238889785
50,Persistence,5C_67PER_4C_NEWSTRUCTURE,6,0.0005789235757714488,0.00044420252889610675
50,Persistence,5_3C_54PER_4C_NEWSTRUCTURE,7,0.0006559531593049921,0.0005143630356778272
50,Persistence,5_6C_19PER_4_6C_NEWSTRUCTURE,7,0.0009384023811975003,0.0007846750106797229
50,Persistence,5_6C_36PER_4_3C_NEWSTRUCTURE,7,0.0008259667165752066,0.0006680658376021018
50,Persistence,80PER_3_6C,2,0.003632087669307347,0.002637533094981913
50,Linear-10,3_6C-80PER_3_6C,2,0.0012913903855777873,0.001032919372141058
50,Linear-10,3_7C_31PER_5_9C_NEWSTRUCTURE,2,0.00014850979811682633,0.00012319512847559167
50,Linear-10,4_8C_80PER_4_8C,2,0.0009892532399653703,0.0007698471845740651
50,Linear-10,4_8C_80PER_4_8C_NEWSTRUCTURE,5,0.0023642213400388505,0.0014167187353102376
50,Linear-10,5C_67PER_4C_NEWSTRUCTURE,6,0.0007517567320483461,0.00048504998598751975
50,Linear-10,5_3C_54PER_4C_NEWSTRUCTURE,7,0.0004574185210011259,0.00035944796458645264
50,Linear-10,5_6C_19PER_4_6C_NEWSTRUCTURE,7,0.0007379896001826433,0.0005630465166167003
50,Linear-10,5_6C_36PER_4_3C_NEWSTRUCTURE,7,0.0004597727094517944,0.0003570886241191123
50,Linear-10,80PER_3_6C,2,0.004326331773874589,0.002891115927655906
50,Linear-20,3_6C-80PER_3_6C,2,0.000629593755008825,0.0005519862009138621
50,Linear-20,3_7C_31PER_5_9C_NEWSTRUCTURE,2,0.0003649754386118885,0.0002280929136605603
50,Linear-20,4_8C_80PER_4_8C,2,0.0015944938415141795,0.0013687442903353975
50,Linear-20,4_8C_80PER_4_8C_NEWSTRUCTURE,5,0.001214521806152847,0.000824093249771964
50,Linear-20,5C_67PER_4C_NEWSTRUCTURE,6,0.0005026318724964679,0.00033222136956180743
50,Linear-20,5_3C_54PER_4C_NEWSTRUCTURE,7,0.00022913915972968835,0.00017209597188278065
50,Linear-20,5_6C_19PER_4_6C_NEWSTRUCTURE,7,0.00031960979303279524,0.00022194132180049873
50,Linear-20,5_6C_36PER_4_3C_NEWSTRUCTURE,7,0.00021049977168716806,0.00014762730655108232
50,Linear-20,80PER_3_6C,2,0.0012752533984154001,0.0007888696199919731
50,Linear-30,3_6C-80PER_3_6C,2,0.0006408973209050612,0.0005056123071378648
50,Linear-30,3_7C_31PER_5_9C_NEWSTRUCTURE,2,0.0005357984412691188,0.00040449769657826206
50,Linear-30,4_8C_80PER_4_8C,2,0.0014403083148698443,0.0012456007402062985
50,Linear-30,4_8C_80PER_4_8C_NEWSTRUCTURE,5,0.0009749647999116429,0.0006254311802260907
50,Linear-30,5C_67PER_4C_NEWSTRUCTURE,6,0.0006455956250815779,0.00045779960078153287
50,Linear-30,5_3C_54PER_4C_NEWSTRUCTURE,7,0.0007375378174734879,0.0005364572128434638
50,Linear-30,5_6C_19PER_4_6C_NEWSTRUCTURE,7,0.0005719496355921552,0.0004670995293022065
50,Linear-30,5_6C_36PER_4_3C_NEWSTRUCTURE,7,0.0005497858958790809,0.0004203282000792769
50,Linear-30,80PER_3_6C,2,0.0013050460355881423,0.0008401132998733251
50,Linear-50,3_6C-80PER_3_6C,2,0.01244450064778227,0.009456749974262107
50,Linear-50,3_7C_31PER_5_9C_NEWSTRUCTURE,2,0.0015473616012217984,0.0013804939287870078
50,Linear-50,4_8C_80PER_4_8C,2,0.003963073241518723,0.0036332570171196035
50,Linear-50,4_8C_80PER_4_8C_NEWSTRUCTURE,5,0.0022289318102358966,0.0019437151587270596
50,Linear-50,5C_67PER_4C_NEWSTRUCTURE,6,0.002107419668433851,0.001886225120327059
50,Linear-50,5_3C_54PER_4C_NEWSTRUCTURE,7,0.00229207942230286,0.0020185308180440432
50,Linear-50,5_6C_19PER_4_6C_NEWSTRUCTURE,7,0.002205287042672989,0.001973780544711468
50,Linear-50,5_6C_36PER_4_3C_NEWSTRUCTURE,7,0.0020620242392196146,0.0018704119124140096
50,Linear-50,80PER_3_6C,2,0.00215019775840303,0.0016565903361201394
50,Linear-Nested,3_6C-80PER_3_6C,2,0.000629593755008825,0.0005519862009138621
50,Linear-Nested,3_7C_31PER_5_9C_NEWSTRUCTURE,2,0.0003649754386118885,0.0002280929136605603
50,Linear-Nested,4_8C_80PER_4_8C,2,0.0015944938415141795,0.0013687442903353975
50,Linear-Nested,4_8C_80PER_4_8C_NEWSTRUCTURE,5,0.001214521806152847,0.000824093249771964
50,Linear-Nested,5C_67PER_4C_NEWSTRUCTURE,6,0.0005026318724964679,0.00033222136956180743
50,Linear-Nested,5_3C_54PER_4C_NEWSTRUCTURE,7,0.00022913915972968835,0.00017209597188278065
50,Linear-Nested,5_6C_19PER_4_6C_NEWSTRUCTURE,7,0.00031960979303279524,0.00022194132180049873
50,Linear-Nested,5_6C_36PER_4_3C_NEWSTRUCTURE,7,0.00021049977168716806,0.00014762730655108232
50,Linear-Nested,80PER_3_6C,2,0.0012752533984154001,0.0007888696199919731
50,Same-policy mean delta,3_6C-80PER_3_6C,2,0.0004825939473891292,0.00029343555214033534
50,Same-policy mean delta,3_7C_31PER_5_9C_NEWSTRUCTURE,2,0.0013501882329118927,0.001113363866555641
50,Same-policy mean delta,4_8C_80PER_4_8C,2,0.0012221659419943277,0.001079282585448491
50,Same-policy mean delta,4_8C_80PER_4_8C_NEWSTRUCTURE,5,0.0008460304925339197,0.0003707763387299914
50,Same-policy mean delta,5C_67PER_4C_NEWSTRUCTURE,6,0.00026184527176781634,0.00020755596068060213
50,Same-policy mean delta,5_3C_54PER_4C_NEWSTRUCTURE,7,0.00031258878579681795,0.00023486240766234273
50,Same-policy mean delta,5_6C_19PER_4_6C_NEWSTRUCTURE,7,0.00028557868382134935,0.0001887691650093475
50,Same-policy mean delta,5_6C_36PER_4_3C_NEWSTRUCTURE,7,0.00033078560938833726,0.00024168533220203164
50,Same-policy mean delta,80PER_3_6C,2,0.004296805062458591,0.003717979458005376
75,Persistence,3_6C-80PER_3_6C,2,0.000646999928095675,0.000538802944858392
75,Persistence,3_7C_31PER_5_9C_NEWSTRUCTURE,2,0.00561190401942021,0.0047862193955396475
75,Persistence,4_8C_80PER_4_8C,2,0.002143682485887447,0.0017584390614966638
75,Persistence,4_8C_80PER_4_8C_NEWSTRUCTURE,5,0.0005867151375084789,0.00045704322981418154
75,Persistence,5C_67PER_4C_NEWSTRUCTURE,6,0.0007875992089335526,0.000667430565086878
75,Persistence,5_3C_54PER_4C_NEWSTRUCTURE,7,0.0007251248062767025,0.0005890293370845377
75,Persistence,5_6C_19PER_4_6C_NEWSTRUCTURE,7,0.000933574337848053,0.0007884464647447254
75,Persistence,5_6C_36PER_4_3C_NEWSTRUCTURE,7,0.0007502345792886106,0.0006083103464965139
75,Persistence,80PER_3_6C,2,0.003451925414838088,0.0022927411486071856
75,Linear-10,3_6C-80PER_3_6C,2,0.0015892526565123664,0.0012998631400632798
75,Linear-10,3_7C_31PER_5_9C_NEWSTRUCTURE,2,0.0004485406906901258,0.000361431514690459
75,Linear-10,4_8C_80PER_4_8C,2,0.000605913504158228,0.00042901826211905967
75,Linear-10,4_8C_80PER_4_8C_NEWSTRUCTURE,5,0.0006060518700241036,0.0004657614529761021
75,Linear-10,5C_67PER_4C_NEWSTRUCTURE,6,0.0003598456071392014,0.00029052632676856906
75,Linear-10,5_3C_54PER_4C_NEWSTRUCTURE,7,0.00041418806558610004,0.00031555939436125684
75,Linear-10,5_6C_19PER_4_6C_NEWSTRUCTURE,7,0.0008662062054710226,0.0007127714156979272
75,Linear-10,5_6C_36PER_4_3C_NEWSTRUCTURE,7,0.0007891285165051354,0.0005237927215383072
75,Linear-10,80PER_3_6C,2,0.0016619341069871848,0.0013672524356802562
75,Linear-20,3_6C-80PER_3_6C,2,0.00032596726644443436,0.00023449590259041586
75,Linear-20,3_7C_31PER_5_9C_NEWSTRUCTURE,2,0.0005768374824510096,0.0004562249991883327
75,Linear-20,4_8C_80PER_4_8C,2,0.001117201684756466,0.0009331388734923374
75,Linear-20,4_8C_80PER_4_8C_NEWSTRUCTURE,5,0.000338455499164647,0.00022306084634810385
75,Linear-20,5C_67PER_4C_NEWSTRUCTURE,6,0.0003179400178099374,0.00023794741674244965
75,Linear-20,5_3C_54PER_4C_NEWSTRUCTURE,7,0.0001557709644611834,0.00010966039024473017
75,Linear-20,5_6C_19PER_4_6C_NEWSTRUCTURE,7,0.00033690972066477144,0.00023396413560947905
75,Linear-20,5_6C_36PER_4_3C_NEWSTRUCTURE,7,0.0003817219422856622,0.0002826390630952564
75,Linear-20,80PER_3_6C,2,0.002840281321208228,0.0018611956327413714
75,Linear-30,3_6C-80PER_3_6C,2,0.0005299585722024085,0.00043944615006207276
75,Linear-30,3_7C_31PER_5_9C_NEWSTRUCTURE,2,0.0007035238084703818,0.0004916608402622635
75,Linear-30,4_8C_80PER_4_8C,2,0.0009574574271703668,0.0007817433769860716
75,Linear-30,4_8C_80PER_4_8C_NEWSTRUCTURE,5,0.0007336353382929639,0.0004593166441984002
75,Linear-30,5C_67PER_4C_NEWSTRUCTURE,6,0.0003210316178541303,0.00023042423863426254
75,Linear-30,5_3C_54PER_4C_NEWSTRUCTURE,7,0.0003232687950743127,0.0002214472177808153
75,Linear-30,5_6C_19PER_4_6C_NEWSTRUCTURE,7,0.0003347037090215978,0.0002673972129131706
75,Linear-30,5_6C_36PER_4_3C_NEWSTRUCTURE,7,0.0002870534536093716,0.00023106285238291819
75,Linear-30,80PER_3_6C,2,0.0011548935259658257,0.0006711339109219039
75,Linear-50,3_6C-80PER_3_6C,2,0.0006412410888404246,0.0005322507816948164
75,Linear-50,3_7C_31PER_5_9C_NEWSTRUCTURE,2,0.0008291706658673334,0.0005614225863305767
75,Linear-50,4_8C_80PER_4_8C,2,0.001403185496056855,0.0012007152179157154
75,Linear-50,4_8C_80PER_4_8C_NEWSTRUCTURE,5,0.0005167995709251043,0.0004010137524674646
75,Linear-50,5C_67PER_4C_NEWSTRUCTURE,6,0.0005943014402699327,0.0004901318107189397
75,Linear-50,5_3C_54PER_4C_NEWSTRUCTURE,7,0.00045245681998079356,0.00037662541441526204
75,Linear-50,5_6C_19PER_4_6C_NEWSTRUCTURE,7,0.0004529412838576579,0.0003560217957795502
75,Linear-50,5_6C_36PER_4_3C_NEWSTRUCTURE,7,0.00038364103813807527,0.00028824105152593294
75,Linear-50,80PER_3_6C,2,0.001046508146135752,0.000610564478168818
75,Linear-Nested,3_6C-80PER_3_6C,2,0.0005299585722024085,0.00043944615006207276
75,Linear-Nested,3_7C_31PER_5_9C_NEWSTRUCTURE,2,0.0007035238084703818,0.0004916608402622635
75,Linear-Nested,4_8C_80PER_4_8C,2,0.0009574574271703668,0.0007817433769860716
75,Linear-Nested,4_8C_80PER_4_8C_NEWSTRUCTURE,5,0.0007336353382929639,0.0004593166441984002
75,Linear-Nested,5C_67PER_4C_NEWSTRUCTURE,6,0.0003210316178541303,0.00023042423863426254
75,Linear-Nested,5_3C_54PER_4C_NEWSTRUCTURE,7,0.0003232687950743127,0.0002214472177808153
75,Linear-Nested,5_6C_19PER_4_6C_NEWSTRUCTURE,7,0.0003347037090215978,0.0002673972129131706
75,Linear-Nested,5_6C_36PER_4_3C_NEWSTRUCTURE,7,0.0002870534536093716,0.00023106285238291819
75,Linear-Nested,80PER_3_6C,2,0.00284040573376845,0.001861495348471004
75,Same-policy mean delta,3_6C-80PER_3_6C,2,0.00034609124309106613,0.00027060373870180454
75,Same-policy mean delta,3_7C_31PER_5_9C_NEWSTRUCTURE,2,0.0020794603320417097,0.0017910579746136057
75,Same-policy mean delta,4_8C_80PER_4_8C,2,0.0013258008278456258,0.0010938049774063075
75,Same-policy mean delta,4_8C_80PER_4_8C_NEWSTRUCTURE,5,0.00032381580536662054,0.00022674291710444327
75,Same-policy mean delta,5C_67PER_4C_NEWSTRUCTURE,6,0.0002577738253972308,0.00022497351714101572
75,Same-policy mean delta,5_3C_54PER_4C_NEWSTRUCTURE,7,0.00030464615337639416,0.00022739576710008322
75,Same-policy mean delta,5_6C_19PER_4_6C_NEWSTRUCTURE,7,0.00028600778752343754,0.00023594676177795837
75,Same-policy mean delta,5_6C_36PER_4_3C_NEWSTRUCTURE,7,0.00030640849024837964,0.0002562233272961786
75,Same-policy mean delta,80PER_3_6C,2,0.004369791313954222,0.003665386598230522
100,Persistence,3_6C-80PER_3_6C,2,0.0010357830884070822,0.0007152425201498114
100,Persistence,3_7C_31PER_5_9C_NEWSTRUCTURE,2,0.0055721006241784615,0.004748988578424445
100,Persistence,4_8C_80PER_4_8C,2,0.002673449332148998,0.002127647979065942
100,Persistence,4_8C_80PER_4_8C_NEWSTRUCTURE,5,0.0007601329154630742,0.0006341570351846259
100,Persistence,5C_67PER_4C_NEWSTRUCTURE,6,0.0007482162033618724,0.0006104634962204007
100,Persistence,5_3C_54PER_4C_NEWSTRUCTURE,7,0.0008195871055359555,0.0006650721127875198
100,Persistence,5_6C_19PER_4_6C_NEWSTRUCTURE,7,0.0009426012516909711,0.0007730703236355677
100,Persistence,5_6C_36PER_4_3C_NEWSTRUCTURE,7,0.0008734757503819975,0.0006862756667977009
100,Persistence,80PER_3_6C,2,0.004242976955548852,0.0031851522404741585
100,Linear-10,3_6C-80PER_3_6C,2,0.0016804306816649273,0.0012204628340030121
100,Linear-10,3_7C_31PER_5_9C_NEWSTRUCTURE,2,0.0009247982053963135,0.0008033695485573433
100,Linear-10,4_8C_80PER_4_8C,2,0.0006158795534314609,0.0004916181493461568
100,Linear-10,4_8C_80PER_4_8C_NEWSTRUCTURE,5,0.0015645599150841585,0.001083679104817624
100,Linear-10,5C_67PER_4C_NEWSTRUCTURE,6,0.0007143039525574966,0.0005760613229997165
100,Linear-10,5_3C_54PER_4C_NEWSTRUCTURE,7,0.0006124888570954034,0.00043369222978011
100,Linear-10,5_6C_19PER_4_6C_NEWSTRUCTURE,7,0.0006542349276216391,0.0004883175866448235
100,Linear-10,5_6C_36PER_4_3C_NEWSTRUCTURE,7,0.0009470896422982309,0.0007460449035352742
100,Linear-10,80PER_3_6C,2,0.0026019615016345966,0.0021916564808320983
100,Linear-20,3_6C-80PER_3_6C,2,0.0005907867263697698,0.00032042028361981223
100,Linear-20,3_7C_31PER_5_9C_NEWSTRUCTURE,2,0.00018573315054800298,0.00012772055425405937
100,Linear-20,4_8C_80PER_4_8C,2,0.0007924594869280705,0.000598228058628384
100,Linear-20,4_8C_80PER_4_8C_NEWSTRUCTURE,5,0.0005856117118111779,0.0004728642777744647
100,Linear-20,5C_67PER_4C_NEWSTRUCTURE,6,0.0003317208256098214,0.00023888114681882197
100,Linear-20,5_3C_54PER_4C_NEWSTRUCTURE,7,0.00046663288660304513,0.0003265117805101639
100,Linear-20,5_6C_19PER_4_6C_NEWSTRUCTURE,7,0.0002982867215364306,0.00022815893673149067
100,Linear-20,5_6C_36PER_4_3C_NEWSTRUCTURE,7,0.000290985941624747,0.000227849089538246
100,Linear-20,80PER_3_6C,2,0.0028838295306046918,0.002298941029421846
100,Linear-30,3_6C-80PER_3_6C,2,0.0007482006303347209,0.0003568568769658531
100,Linear-30,3_7C_31PER_5_9C_NEWSTRUCTURE,2,0.0002494548473433621,0.00019357569145373566
100,Linear-30,4_8C_80PER_4_8C,2,0.0009487203674434226,0.0007478848915671776
100,Linear-30,4_8C_80PER_4_8C_NEWSTRUCTURE,5,0.00037918507243381246,0.0002730173878544697
100,Linear-30,5C_67PER_4C_NEWSTRUCTURE,6,0.0002394600647873149,0.00018206431128806267
100,Linear-30,5_3C_54PER_4C_NEWSTRUCTURE,7,0.00037024271394587313,0.0002511115986145697
100,Linear-30,5_6C_19PER_4_6C_NEWSTRUCTURE,7,0.00023376264987102317,0.0001696515814699641
100,Linear-30,5_6C_36PER_4_3C_NEWSTRUCTURE,7,0.00029383700608454815,0.00022292680320266735
100,Linear-30,80PER_3_6C,2,0.0015230748245277732,0.0010071182177839456
100,Linear-50,3_6C-80PER_3_6C,2,0.0006244807498002977,0.00028860904800725453
100,Linear-50,3_7C_31PER_5_9C_NEWSTRUCTURE,2,0.0005154061722602754,0.0004280760277927653
100,Linear-50,4_8C_80PER_4_8C,2,0.0013556266963974154,0.001132517700382256
100,Linear-50,4_8C_80PER_4_8C_NEWSTRUCTURE,5,0.00033235365240903404,0.00025400934864126156
100,Linear-50,5C_67PER_4C_NEWSTRUCTURE,6,0.0002993448197786933,0.00021889697925186875
100,Linear-50,5_3C_54PER_4C_NEWSTRUCTURE,7,0.0003063442722427399,0.00020474698685631168
100,Linear-50,5_6C_19PER_4_6C_NEWSTRUCTURE,7,0.0002665415427195054,0.0002132034575653119
100,Linear-50,5_6C_36PER_4_3C_NEWSTRUCTURE,7,0.0002557009337173547,0.0001906606378428604
100,Linear-50,80PER_3_6C,2,0.001632781839479324,0.0010091527682156653
100,Linear-Nested,3_6C-80PER_3_6C,2,0.0007482006303347209,0.0003568568769658531
100,Linear-Nested,3_7C_31PER_5_9C_NEWSTRUCTURE,2,0.0002494548473433621,0.00019357569145373566
100,Linear-Nested,4_8C_80PER_4_8C,2,0.0009487203674434226,0.0007478848915671776
100,Linear-Nested,4_8C_80PER_4_8C_NEWSTRUCTURE,5,0.00037918507243381246,0.0002730173878544697
100,Linear-Nested,5C_67PER_4C_NEWSTRUCTURE,6,0.0002394600647873149,0.00018206431128806267
100,Linear-Nested,5_3C_54PER_4C_NEWSTRUCTURE,7,0.00037024271394587313,0.0002511115986145697
100,Linear-Nested,5_6C_19PER_4_6C_NEWSTRUCTURE,7,0.00023376264987102317,0.0001696515814699641
100,Linear-Nested,5_6C_36PER_4_3C_NEWSTRUCTURE,7,0.00029383700608454815,0.00022292680320266735
100,Linear-Nested,80PER_3_6C,2,0.0015230748245277732,0.0010071182177839456
100,Same-policy mean delta,3_6C-80PER_3_6C,2,0.0009320484574059669,0.0005498026928535748
100,Same-policy mean delta,3_7C_31PER_5_9C_NEWSTRUCTURE,2,0.002280278358240589,0.0019839200815337053
100,Same-policy mean delta,4_8C_80PER_4_8C,2,0.0018302383903443403,0.0015776231817698227
100,Same-policy mean delta,4_8C_80PER_4_8C_NEWSTRUCTURE,5,0.0008484596180214555,0.0007576865634719194
100,Same-policy mean delta,5C_67PER_4C_NEWSTRUCTURE,6,0.00021004472085317955,0.0001585033476110198
100,Same-policy mean delta,5_3C_54PER_4C_NEWSTRUCTURE,7,0.00028092017080746283,0.00020921330055039266
100,Same-policy mean delta,5_6C_19PER_4_6C_NEWSTRUCTURE,7,0.0002444337292991236,0.00018593694986151124
100,Same-policy mean delta,5_6C_36PER_4_3C_NEWSTRUCTURE,7,0.0003196433818105974,0.00024213916175507246
100,Same-policy mean delta,80PER_3_6C,2,0.004435737571674198,0.003654633418189892
125,Persistence,3_6C-80PER_3_6C,2,0.0019452199600362144,0.0012020006063514844
125,Persistence,3_7C_31PER_5_9C_NEWSTRUCTURE,2,0.005598934505745905,0.004781663172054132
125,Persistence,4_8C_80PER_4_8C,2,0.0033425150524021615,0.0027951686638798033
125,Persistence,4_8C_80PER_4_8C_NEWSTRUCTURE,5,0.0008685381054827971,0.0007231083050895335
125,Persistence,5C_67PER_4C_NEWSTRUCTURE,6,0.0010037136426902925,0.0008590873518205984
125,Persistence,5_3C_54PER_4C_NEWSTRUCTURE,7,0.0010166175174589403,0.0008711720287187649
125,Persistence,5_6C_19PER_4_6C_NEWSTRUCTURE,7,0.001195735000020854,0.0010191927072984127
125,Persistence,5_6C_36PER_4_3C_NEWSTRUCTURE,7,0.0011462203199613058,0.0009911971354664786
125,Persistence,80PER_3_6C,2,0.004137893634827036,0.003160559423990241
125,Linear-10,3_6C-80PER_3_6C,2,0.0014173296988979555,0.0009888967695427797
125,Linear-10,3_7C_31PER_5_9C_NEWSTRUCTURE,2,0.0005803221644054837,0.00042803695650740493
125,Linear-10,4_8C_80PER_4_8C,2,0.0005222682065420852,0.0004774321640410306
125,Linear-10,4_8C_80PER_4_8C_NEWSTRUCTURE,5,0.0006027194773751069,0.00048705317915750745
125,Linear-10,5C_67PER_4C_NEWSTRUCTURE,6,0.0005880180502303187,0.00043519612078534055
125,Linear-10,5_3C_54PER_4C_NEWSTRUCTURE,7,0.0008249754662286023,0.0005566679375892744
125,Linear-10,5_6C_19PER_4_6C_NEWSTRUCTURE,7,0.0005497634071803438,0.00039807332992977814
125,Linear-10,5_6C_36PER_4_3C_NEWSTRUCTURE,7,0.0006250364603860667,0.0004828145687593301
125,Linear-10,80PER_3_6C,2,0.0025757633708082548,0.0021084021600334367
125,Linear-20,3_6C-80PER_3_6C,2,0.0014277689664340635,0.000617500527482916
125,Linear-20,3_7C_31PER_5_9C_NEWSTRUCTURE,2,0.0003241069315387755,0.0002637161896119189
125,Linear-20,4_8C_80PER_4_8C,2,0.001018457169535169,0.0008237387114581052
125,Linear-20,4_8C_80PER_4_8C_NEWSTRUCTURE,5,0.000691389712604159,0.0005625922337057179
125,Linear-20,5C_67PER_4C_NEWSTRUCTURE,6,0.000502698814574074,0.00040974264849200526
125,Linear-20,5_3C_54PER_4C_NEWSTRUCTURE,7,0.000650167958054885,0.000545573273421708
125,Linear-20,5_6C_19PER_4_6C_NEWSTRUCTURE,7,0.0007360138686572697,0.0005997650401735632
125,Linear-20,5_6C_36PER_4_3C_NEWSTRUCTURE,7,0.0008364331248759689,0.0007171713615568029
125,Linear-20,80PER_3_6C,2,0.0012052666449976776,0.0009088196434819972
125,Linear-30,3_6C-80PER_3_6C,2,0.001485356491119561,0.0006263785536494981
125,Linear-30,3_7C_31PER_5_9C_NEWSTRUCTURE,2,0.00018654644227443197,0.00014757207992105114
125,Linear-30,4_8C_80PER_4_8C,2,0.001218268413823944,0.0010353819991127068
125,Linear-30,4_8C_80PER_4_8C_NEWSTRUCTURE,5,0.0007512096826555358,0.0006520500070893269
125,Linear-30,5C_67PER_4C_NEWSTRUCTURE,6,0.00041249937081538326,0.0003487775877086474
125,Linear-30,5_3C_54PER_4C_NEWSTRUCTURE,7,0.0004675789258548589,0.00037063628029429703
125,Linear-30,5_6C_19PER_4_6C_NEWSTRUCTURE,7,0.0005284611375955326,0.000456351282142514
125,Linear-30,5_6C_36PER_4_3C_NEWSTRUCTURE,7,0.0006615480120524875,0.0005621450174938174
125,Linear-30,80PER_3_6C,2,0.0010212627207916414,0.0007355812502133651
125,Linear-50,3_6C-80PER_3_6C,2,0.0015849719392204255,0.000709992589209748
125,Linear-50,3_7C_31PER_5_9C_NEWSTRUCTURE,2,0.0002906358356258711,0.00022926416903841008
125,Linear-50,4_8C_80PER_4_8C,2,0.0013804899821586998,0.001184359387235343
125,Linear-50,4_8C_80PER_4_8C_NEWSTRUCTURE,5,0.0004305627254178994,0.0003281351793926999
125,Linear-50,5C_67PER_4C_NEWSTRUCTURE,6,0.00027457003941333834,0.00021510374914056866
125,Linear-50,5_3C_54PER_4C_NEWSTRUCTURE,7,0.0003628129873384948,0.0002864767480510195
125,Linear-50,5_6C_19PER_4_6C_NEWSTRUCTURE,7,0.0003461145579527423,0.0002886142165209806
125,Linear-50,5_6C_36PER_4_3C_NEWSTRUCTURE,7,0.0004159179038213252,0.00033423430675464576
125,Linear-50,80PER_3_6C,2,0.0011375617982506997,0.0007858717201074039
125,Linear-Nested,3_6C-80PER_3_6C,2,0.0015849719392204255,0.000709992589209748
125,Linear-Nested,3_7C_31PER_5_9C_NEWSTRUCTURE,2,0.0002906358356258711,0.00022926416903841008
125,Linear-Nested,4_8C_80PER_4_8C,2,0.0013804899821586998,0.001184359387235343
125,Linear-Nested,4_8C_80PER_4_8C_NEWSTRUCTURE,5,0.0004305627254178994,0.0003281351793926999
125,Linear-Nested,5C_67PER_4C_NEWSTRUCTURE,6,0.00027457003941333834,0.00021510374914056866
125,Linear-Nested,5_3C_54PER_4C_NEWSTRUCTURE,7,0.0003628129873384948,0.0002864767480510195
125,Linear-Nested,5_6C_19PER_4_6C_NEWSTRUCTURE,7,0.0003461145579527423,0.0002886142165209806
125,Linear-Nested,5_6C_36PER_4_3C_NEWSTRUCTURE,7,0.0004159179038213252,0.00033423430675464576
125,Linear-Nested,80PER_3_6C,2,0.0011375617982506997,0.0007858717201074039
125,Same-policy mean delta,3_6C-80PER_3_6C,2,0.0021459282287372675,0.001195374463845602
125,Same-policy mean delta,3_7C_31PER_5_9C_NEWSTRUCTURE,2,0.002278185566028991,0.0019753848823255505
125,Same-policy mean delta,4_8C_80PER_4_8C,2,0.0014173522978323874,0.001209073506419478
125,Same-policy mean delta,4_8C_80PER_4_8C_NEWSTRUCTURE,5,0.00037144786936698466,0.0002721945210597889
125,Same-policy mean delta,5C_67PER_4C_NEWSTRUCTURE,6,0.00023485283771396663,0.00017908912527020093
125,Same-policy mean delta,5_3C_54PER_4C_NEWSTRUCTURE,7,0.00029870191761933003,0.0002207460784573805
125,Same-policy mean delta,5_6C_19PER_4_6C_NEWSTRUCTURE,7,0.0002880097960069305,0.00022833663574304877
125,Same-policy mean delta,5_6C_36PER_4_3C_NEWSTRUCTURE,7,0.0002899615779475585,0.00021766278174327304
125,Same-policy mean delta,80PER_3_6C,2,0.004097180507763583,0.0034798019917216694
150,Persistence,3_6C-80PER_3_6C,2,0.0025809521414135606,0.001630050498444925
150,Persistence,3_7C_31PER_5_9C_NEWSTRUCTURE,2,0.005435475241700283,0.004615349612362002
150,Persistence,4_8C_80PER_4_8C,2,0.00394318593393883,0.0033091744694082516
150,Persistence,4_8C_80PER_4_8C_NEWSTRUCTURE,5,0.000966778708067552,0.0008240073673372122
150,Persistence,5C_67PER_4C_NEWSTRUCTURE,6,0.001035643851296373,0.0008857843440943207
150,Persistence,5_3C_54PER_4C_NEWSTRUCTURE,7,0.0009439537149370606,0.0008049606708016443
150,Persistence,5_6C_19PER_4_6C_NEWSTRUCTURE,7,0.001330394127413061,0.0011470559105565142
150,Persistence,5_6C_36PER_4_3C_NEWSTRUCTURE,7,0.0012085857108780041,0.0010289112947063333
150,Persistence,80PER_3_6C,2,0.004156629469484168,0.0030750560305954143
150,Linear-10,3_6C-80PER_3_6C,2,0.00527772743448358,0.003252238671173929
150,Linear-10,3_7C_31PER_5_9C_NEWSTRUCTURE,2,0.0005761343024656157,0.0005140322363132277
150,Linear-10,4_8C_80PER_4_8C,2,0.0006133588275128501,0.0004930052880075708
150,Linear-10,4_8C_80PER_4_8C_NEWSTRUCTURE,5,0.0012117568165096603,0.0007156236655002118
150,Linear-10,5C_67PER_4C_NEWSTRUCTURE,6,0.000524318091084555,0.00040785526583089944
150,Linear-10,5_3C_54PER_4C_NEWSTRUCTURE,7,0.0011739824677113703,0.0007761450874874584
150,Linear-10,5_6C_19PER_4_6C_NEWSTRUCTURE,7,0.000862979899728986,0.000621266800962143
150,Linear-10,5_6C_36PER_4_3C_NEWSTRUCTURE,7,0.001419769191205072,0.0010982431304663895
150,Linear-10,80PER_3_6C,2,0.003129867261338991,0.0026177106032582364
150,Linear-20,3_6C-80PER_3_6C,2,0.002219443782979522,0.001098751555255657
150,Linear-20,3_7C_31PER_5_9C_NEWSTRUCTURE,2,0.000725705428920582,0.0006531944449667937
150,Linear-20,4_8C_80PER_4_8C,2,0.000716982859170116,0.0005781021007966014
150,Linear-20,4_8C_80PER_4_8C_NEWSTRUCTURE,5,0.0006810414195571128,0.0005335530957192182
150,Linear-20,5C_67PER_4C_NEWSTRUCTURE,6,0.0005202800880193294,0.0004232080984696566
150,Linear-20,5_3C_54PER_4C_NEWSTRUCTURE,7,0.0005300183286043221,0.0004476568804052783
150,Linear-20,5_6C_19PER_4_6C_NEWSTRUCTURE,7,0.00041523691608757795,0.0003433388836723648
150,Linear-20,5_6C_36PER_4_3C_NEWSTRUCTURE,7,0.000336762411949691,0.0002796188215550861
150,Linear-20,80PER_3_6C,2,0.0009392376026859284,0.0007489571978720155
150,Linear-30,3_6C-80PER_3_6C,2,0.001586411118470341,0.000861146774472864
150,Linear-30,3_7C_31PER_5_9C_NEWSTRUCTURE,2,0.0005421844694855132,0.00048621609191731754
150,Linear-30,4_8C_80PER_4_8C,2,0.0009932153389358243,0.0008464420669398943
150,Linear-30,4_8C_80PER_4_8C_NEWSTRUCTURE,5,0.00036129469728556134,0.00022822619099549968
150,Linear-30,5C_67PER_4C_NEWSTRUCTURE,6,0.0003373698677683206,0.00027019338249308837
150,Linear-30,5_3C_54PER_4C_NEWSTRUCTURE,7,0.0003367621667868416,0.0002699773749728153
150,Linear-30,5_6C_19PER_4_6C_NEWSTRUCTURE,7,0.000259543488029062,0.00020386921421866694
150,Linear-30,5_6C_36PER_4_3C_NEWSTRUCTURE,7,0.00032775236459864403,0.0002703523890161879
150,Linear-30,80PER_3_6C,2,0.0012728791002926756,0.0010053234053353666
150,Linear-50,3_6C-80PER_3_6C,2,0.0016528764063339864,0.0008661738962358501
150,Linear-50,3_7C_31PER_5_9C_NEWSTRUCTURE,2,0.00025034485934233693,0.00019148945884994717
150,Linear-50,4_8C_80PER_4_8C,2,0.0013127211591707109,0.0011605767120043897
150,Linear-50,4_8C_80PER_4_8C_NEWSTRUCTURE,5,0.00036802258731363904,0.00022100274477558158
150,Linear-50,5C_67PER_4C_NEWSTRUCTURE,6,0.000292803100521163,0.00023596732077985885
150,Linear-50,5_3C_54PER_4C_NEWSTRUCTURE,7,0.00018970144004237994,0.0001417115541630173
150,Linear-50,5_6C_19PER_4_6C_NEWSTRUCTURE,7,0.0003259772254662728,0.0002666024449073937
150,Linear-50,5_6C_36PER_4_3C_NEWSTRUCTURE,7,0.00024564768382223526,0.00019922906999125578
150,Linear-50,80PER_3_6C,2,0.0008002507468558822,0.0005999137121187436
150,Linear-Nested,3_6C-80PER_3_6C,2,0.0016528764063339864,0.0008661738962358501
150,Linear-Nested,3_7C_31PER_5_9C_NEWSTRUCTURE,2,0.00025034485934233693,0.00019148945884994717
150,Linear-Nested,4_8C_80PER_4_8C,2,0.0013127211591707109,0.0011605767120043897
150,Linear-Nested,4_8C_80PER_4_8C_NEWSTRUCTURE,5,0.00036802258731363904,0.00022100274477558158
150,Linear-Nested,5C_67PER_4C_NEWSTRUCTURE,6,0.000292803100521163,0.00023596732077985885
150,Linear-Nested,5_3C_54PER_4C_NEWSTRUCTURE,7,0.00018970144004237994,0.0001417115541630173
150,Linear-Nested,5_6C_19PER_4_6C_NEWSTRUCTURE,7,0.0003259772254662728,0.0002666024449073937
150,Linear-Nested,5_6C_36PER_4_3C_NEWSTRUCTURE,7,0.00024564768382223526,0.00019922906999125578
150,Linear-Nested,80PER_3_6C,2,0.0013279734061681931,0.001117485676394897
150,Same-policy mean delta,3_6C-80PER_3_6C,2,0.003029525519911907,0.0019782460612880882
150,Same-policy mean delta,3_7C_31PER_5_9C_NEWSTRUCTURE,2,0.0022204820584678523,0.0020030395903307217
150,Same-policy mean delta,4_8C_80PER_4_8C,2,0.0018982657587905153,0.0016512925201210126
150,Same-policy mean delta,4_8C_80PER_4_8C_NEWSTRUCTURE,5,0.0003625134110949059,0.00025936478121590636
150,Same-policy mean delta,5C_67PER_4C_NEWSTRUCTURE,6,0.0002370823273108172,0.00018711698242828922
150,Same-policy mean delta,5_3C_54PER_4C_NEWSTRUCTURE,7,0.00022878540329633338,0.00018053769486358254
150,Same-policy mean delta,5_6C_19PER_4_6C_NEWSTRUCTURE,7,0.0002268244661208639,0.0001832800666824151
150,Same-policy mean delta,5_6C_36PER_4_3C_NEWSTRUCTURE,7,0.0002908413192207705,0.0002291313679649295
150,Same-policy mean delta,80PER_3_6C,2,0.004174319081089241,0.003493081859983034
