policy,battery_count,SOH_min,SOH_max,SOH_mean,SOH_median,charge_time_min,charge_time_max,long_battery_count,middle_battery_count,short_battery_count,lifetime_label,longest_strategy,shortest_strategy,SOH_range,charge_time_range
3_6C-80PER_3_6C,2,0.99523231164644,1.0002354558166835,0.9977338837315617,0.9977338837315617,13.37813161666668,13.38635310833332,1,1,0,长寿命策略,是,否,0.995232–1.000235,13.378132–13.386353
80PER_3_6C,2,0.967948044187048,0.992999031853879,0.9804735380204636,0.9804735380204636,13.376107391666682,13.387559654166662,0,0,2,短寿命策略,否,否,0.967948–0.992999,13.376107–13.387560
4_8C_80PER_4_8C,2,0.98137636528723,0.989379147758751,0.9853777565229905,0.9853777565229905,10.058253991666643,10.068305274999993,0,0,2,短寿命策略,否,否,0.981376–0.989379,10.058254–10.068305
5C_67PER_4C_NEWSTRUCTURE,6,0.994815396582459,0.996557735057307,0.9955362394462995,0.9952481542007735,10.041756029166653,10.04372073749995,2,4,0,中等寿命策略,否,否,0.994815–0.996558,10.041756–10.043721
5_3C_54PER_4C_NEWSTRUCTURE,7,0.993827835036726,0.997354502037367,0.995469934664488,0.995357534990308,10.041704833333363,10.043936283333343,2,5,0,中等寿命策略,否,否,0.993828–0.997355,10.041705–10.043936
5_6C_19PER_4_6C_NEWSTRUCTURE,7,0.993317781128631,0.995258547168434,0.9939920593025657,0.993874511377955,10.042320187500051,10.043563033333307,0,5,2,中等寿命策略,否,否,0.993318–0.995259,10.042320–10.043563
5_6C_36PER_4_3C_NEWSTRUCTURE,7,0.993010874550068,0.996783116655199,0.9946658331319193,0.994051590460674,10.04125820833333,10.044962791666666,2,4,1,中等寿命策略,否,否,0.993011–0.996783,10.041258–10.044963
3_7C_31PER_5_9C_NEWSTRUCTURE,2,0.960114030750495,0.971521106035042,0.9658175683927686,0.9658175683927686,10.111348141666678,10.155740183333407,0,0,2,短寿命策略,否,是,0.960114–0.971521,10.111348–10.155740
4_8C_80PER_4_8C_NEWSTRUCTURE,5,0.949732816271975,0.996955200920384,0.9872006707117584,0.996334456667591,11.038005862500023,11.038442020833347,3,1,1,长寿命策略,否,否,0.949733–0.996955,11.038006–11.038442
