battery_id,policy,fit_start,model,EOL_cycle,conditional_lower_90,conditional_upper_90,bootstrap_valid,fit_RMSE,fit_success
2,3_6C-80PER_3_6C,1,exponential,16518.57482175344,10858.683892103198,25204.033811766694,60,0.0011135483277635002,True
2,3_6C-80PER_3_6C,20,exponential,11689.48713131619,11085.039520315642,12701.361553434035,60,0.0001421072283615222,True
2,3_6C-80PER_3_6C,50,exponential,10321.657126650274,9814.975300685319,10914.651445263293,60,0.00010918253028661184,True
2,3_6C-80PER_3_6C,80,exponential,10334.846351368968,9704.59744439433,11132.51376313131,60,8.392482546959278e-05,True
2,3_6C-80PER_3_6C,1,linear,14832.329148875004,10730.578222206563,23814.137694228593,60,0.001113504368522496,True
2,3_6C-80PER_3_6C,20,linear,10501.838103951639,9882.088256878882,11485.564772292037,60,0.0001419539417017292,True
2,3_6C-80PER_3_6C,50,linear,9277.21916611938,8815.462562350196,9724.133120289815,60,0.00010914141837617229,True
2,3_6C-80PER_3_6C,80,linear,9291.975431096143,8641.954753219583,9975.469191433234,60,8.388386590180448e-05,True
2,3_6C-80PER_3_6C,1,power,758.0055682657347,613.5193151196331,3147.5036773702236,60,0.0010147074947772091,True
2,3_6C-80PER_3_6C,20,power,2175.759324750604,1508.4088469853255,3157.7616675180684,60,0.0001038387757087196,True
2,3_6C-80PER_3_6C,50,power,3899.323568662775,2227.129735986847,10272.98193493069,60,0.0001060655081168793,True
2,3_6C-80PER_3_6C,80,power,1253.717046238789,855.5592078726671,3028.9741661064427,60,7.376713618875254e-05,True
5,80PER_3_6C,1,exponential,12302.380057874261,9796.57142387069,15336.36800423644,60,0.0010843227014387157,True
5,80PER_3_6C,20,exponential,8921.4722695592,7971.210108984467,9975.93078141749,60,0.0005187589397890142,True
5,80PER_3_6C,50,exponential,7560.970230348625,6834.751627554837,8727.132950777741,60,0.000521511094579026,True
5,80PER_3_6C,80,exponential,6773.149781629366,5795.142445944179,8153.936205175029,60,0.00048679222082693746,True
5,80PER_3_6C,1,linear,11038.205350017262,8632.51021390058,15414.809129624056,60,0.0010842079021401926,True
5,80PER_3_6C,20,linear,8009.259069485128,7053.712530241052,9180.207848492717,60,0.0005185933519890173,True
5,80PER_3_6C,50,linear,6792.828338456305,5909.530283674124,7872.804115632542,60,0.0005214193700209094,True
5,80PER_3_6C,80,linear,6088.789635166098,5351.017266516853,7330.649420968117,60,0.0004867263079873376,True
5,80PER_3_6C,1,power,604.6126049898922,571.2178712230725,1278.401404099851,60,0.0009389109487380317,True
5,80PER_3_6C,20,power,992.777998868528,699.8772459763071,1663.3861031300548,60,0.00047348472159605454,True
5,80PER_3_6C,50,power,865.836354056604,600.9571859042851,2111.6692975068077,60,0.0005005177673763734,True
5,80PER_3_6C,80,power,621.8400048357121,601.9047277592662,2076.6000891196345,60,0.0004640457776469598,True
9,4_8C_80PER_4_8C,1,exponential,3041.6802977893717,2674.1425841015193,3326.4401932858314,60,0.0016007879044754821,True
9,4_8C_80PER_4_8C,20,exponential,2600.0205911187704,2397.620248168589,2834.533623462606,60,0.0007290905036806795,True
9,4_8C_80PER_4_8C,50,exponential,2213.1716619019685,2091.153365308293,2321.0075726798887,60,0.00040496925975970716,True
9,4_8C_80PER_4_8C,80,exponential,1969.1368950073002,1914.0643775928575,2048.2769083888943,60,0.000274636042021451,True
9,4_8C_80PER_4_8C,1,linear,2735.703242720991,2501.1329372575988,3097.341061795492,60,0.0015975217289652883,True
9,4_8C_80PER_4_8C,20,linear,2342.2001730125744,2193.151829363658,2516.8745853444584,60,0.0007245797116494446,True
9,4_8C_80PER_4_8C,50,linear,1998.1618475025123,1891.667807749248,2083.466761060293,60,0.00040156494761553387,True
9,4_8C_80PER_4_8C,80,linear,1781.9631772762386,1718.3712212521086,1854.8112144979275,60,0.0002732047818163496,True
9,4_8C_80PER_4_8C,1,power,508.8405338836597,454.91032342184866,558.6038682167522,60,0.0009209378388365149,True
9,4_8C_80PER_4_8C,20,power,614.4095508888329,580.7005539206873,642.9655179768229,60,0.00023915877874294288,True
9,4_8C_80PER_4_8C,50,power,689.0922514479078,641.4686802843329,733.0182210658002,60,0.00021542740857259958,True
9,4_8C_80PER_4_8C,80,power,716.317340403038,628.3235740787549,935.7899252121028,60,0.00022645357872921098,True
10,5C_67PER_4C_NEWSTRUCTURE,1,exponential,14209.24085254116,11987.330256221016,17480.55680043775,60,0.0006598517215325733,True
10,5C_67PER_4C_NEWSTRUCTURE,20,exponential,10398.771603254076,9645.525133007412,11063.147930413588,60,0.0001734235106208259,True
10,5C_67PER_4C_NEWSTRUCTURE,50,exponential,9483.202952896876,8970.498418540426,10079.796001400593,60,0.00013270735914434396,True
10,5C_67PER_4C_NEWSTRUCTURE,80,exponential,9166.009261966627,8127.913305732638,10343.027181139072,60,0.00014042914819929089,True
10,5C_67PER_4C_NEWSTRUCTURE,1,linear,12747.93479288848,10496.63079186331,16157.931190888534,60,0.0006597448827429534,True
10,5C_67PER_4C_NEWSTRUCTURE,20,linear,9335.3512031928,8703.952414233296,9964.42456708589,60,0.00017328689426965906,True
10,5C_67PER_4C_NEWSTRUCTURE,50,linear,8516.810145850077,8120.456586278567,9045.824322434411,60,0.00013270027863670887,True
10,5C_67PER_4C_NEWSTRUCTURE,80,linear,8235.791824610284,7348.185106696593,9008.921655688182,60,0.00014042091287956885,True
10,5C_67PER_4C_NEWSTRUCTURE,1,power,891.9473811772956,623.2832008959081,2291.007559642402,60,0.0005485693008913396,True
10,5C_67PER_4C_NEWSTRUCTURE,20,power,2689.8416883708383,1743.0736529969267,4395.597460846977,60,0.00015148513703178265,True
10,5C_67PER_4C_NEWSTRUCTURE,50,power,8183.475225413679,2464.846274597832,98631.58309016422,60,0.0001326943309729868,True
10,5C_67PER_4C_NEWSTRUCTURE,80,power,4307.230751507898,1254.5564631363632,16615556.732077133,60,0.00014011275872530395,True
11,5_3C_54PER_4C_NEWSTRUCTURE,1,exponential,10686.358219323798,9597.338385003293,12402.559492397502,60,0.0005865826783330459,True
11,5_3C_54PER_4C_NEWSTRUCTURE,20,exponential,8836.378409099418,8534.74077413303,9200.562991369667,60,0.00013930085900651194,True
11,5_3C_54PER_4C_NEWSTRUCTURE,50,exponential,8734.149906140254,8231.251813003126,9282.991014745197,60,0.00011714560751780802,True
11,5_3C_54PER_4C_NEWSTRUCTURE,80,exponential,8769.197509903188,7926.905421759966,10014.75622597374,60,0.0001291275935164204,True
11,5_3C_54PER_4C_NEWSTRUCTURE,1,linear,9591.062005395637,8769.626240869165,11246.499893813741,60,0.0005864040681048703,True
11,5_3C_54PER_4C_NEWSTRUCTURE,20,linear,7934.889853939445,7684.182058873264,8275.508119955643,60,0.0001392390953552552,True
11,5_3C_54PER_4C_NEWSTRUCTURE,50,linear,7846.127878430599,7511.305003683824,8234.024273710042,60,0.00011716274327184426,True
11,5_3C_54PER_4C_NEWSTRUCTURE,80,linear,7880.403932087878,7061.509258423414,8685.609004355812,60,0.0001291151225682221,True
11,5_3C_54PER_4C_NEWSTRUCTURE,1,power,1458.4550298769798,1023.602634900959,2599.1113630704695,60,0.0004992908090515992,True
11,5_3C_54PER_4C_NEWSTRUCTURE,20,power,5336.06821257853,3390.2240953228143,9376.403132734224,60,0.0001366131277519496,True
11,5_3C_54PER_4C_NEWSTRUCTURE,50,power,12275.991815012263,3611.511404908892,498007.0373662215,60,0.00011659028248940157,True
11,5_3C_54PER_4C_NEWSTRUCTURE,80,power,3644.4557837718103,1082.2276557832367,5402175.056846602,60,0.00012853953062089978,True
14,5_6C_19PER_4_6C_NEWSTRUCTURE,1,exponential,16099.230629791595,13275.59164193118,21352.415191727912,60,0.0005100134481360291,True
14,5_6C_19PER_4_6C_NEWSTRUCTURE,20,exponential,11840.969155924451,10788.126090143393,13118.103846058228,60,0.00018983374619154186,True
14,5_6C_19PER_4_6C_NEWSTRUCTURE,50,exponential,10430.37200243121,9755.6470149064,11407.913011419596,60,0.00013817520397811842,True
14,5_6C_19PER_4_6C_NEWSTRUCTURE,80,exponential,9206.133922522145,8264.210932765007,10148.040491771835,60,0.00012149178157084599,True
14,5_6C_19PER_4_6C_NEWSTRUCTURE,1,linear,14440.758403895206,12452.313678297876,17416.816576440495,60,0.000509914942363257,True
14,5_6C_19PER_4_6C_NEWSTRUCTURE,20,linear,10626.315544094143,9814.773357119335,11452.021195372961,60,0.00018969505901714187,True
14,5_6C_19PER_4_6C_NEWSTRUCTURE,50,linear,9364.947845385497,8735.978066351985,10103.5941945754,60,0.00013812644749780563,True
14,5_6C_19PER_4_6C_NEWSTRUCTURE,80,linear,8270.575675552296,7450.039941436663,9268.07790751872,60,0.00012148006381745793,True
14,5_6C_19PER_4_6C_NEWSTRUCTURE,1,power,828.5170019126483,653.068839734954,1596.0375967259306,60,0.00039773235710476853,True
14,5_6C_19PER_4_6C_NEWSTRUCTURE,20,power,1796.4449227474156,1142.8377599665678,3607.1566444545338,60,0.00014891695023710072,True
14,5_6C_19PER_4_6C_NEWSTRUCTURE,50,power,2895.0014580178167,1444.6783888523198,17353.061092481617,60,0.00013314045927751634,True
14,5_6C_19PER_4_6C_NEWSTRUCTURE,80,power,3583.1697155781735,925.4557455667082,1674536.731653167,60,0.00012075817276580212,True
16,3_7C_31PER_5_9C_NEWSTRUCTURE,1,exponential,1152.865095836685,1144.5131410671067,1161.7533753182774,60,0.00025443883900953985,True
16,3_7C_31PER_5_9C_NEWSTRUCTURE,20,exponential,1149.5908766942878,1141.3099290973894,1155.0943659297895,60,0.00017526389799327524,True
16,3_7C_31PER_5_9C_NEWSTRUCTURE,50,exponential,1138.0080865315215,1128.7502329513497,1145.1771427779495,60,0.00016208518031229872,True
16,3_7C_31PER_5_9C_NEWSTRUCTURE,80,exponential,1121.183347921845,1101.3916990522785,1137.6571727117673,60,0.00015744103179830246,True
16,3_7C_31PER_5_9C_NEWSTRUCTURE,1,linear,1047.634427743301,1042.4394695606568,1053.7323870626324,60,0.00024158732358564084,True
16,3_7C_31PER_5_9C_NEWSTRUCTURE,20,linear,1046.3090550054944,1040.4210743126926,1053.3639291706163,60,0.00016220272191813466,True
16,3_7C_31PER_5_9C_NEWSTRUCTURE,50,linear,1038.5980022769063,1030.7400901478097,1046.380571731903,60,0.0001546366701234091,True
16,3_7C_31PER_5_9C_NEWSTRUCTURE,80,linear,1026.1001059463426,1012.5838920229785,1042.3123428530632,60,0.00015389819377895642,True
16,3_7C_31PER_5_9C_NEWSTRUCTURE,1,power,993.9158380996344,962.0545215198888,1038.7981357936715,60,0.000223681979967656,True
16,3_7C_31PER_5_9C_NEWSTRUCTURE,20,power,971.9726922998786,939.8478255380561,1019.1275259629049,60,0.0001440780485675383,True
16,3_7C_31PER_5_9C_NEWSTRUCTURE,50,power,915.5412842209757,842.7009959183623,988.4717550631009,60,0.0001375992059595542,True
16,3_7C_31PER_5_9C_NEWSTRUCTURE,80,power,805.0851669723518,667.6474649107392,935.930632905878,60,0.00013772113056797632,True
24,5_6C_36PER_4_3C_NEWSTRUCTURE,1,exponential,18974.244172886058,14370.699970706291,31899.76553685845,60,0.0008494528889407904,True
24,5_6C_36PER_4_3C_NEWSTRUCTURE,20,exponential,11952.134823983695,10666.953774740252,13684.186836858687,60,0.0002534379038041914,True
24,5_6C_36PER_4_3C_NEWSTRUCTURE,50,exponential,9383.905199415785,8787.310857893166,9967.808672132776,60,0.00016518275564045973,True
24,5_6C_36PER_4_3C_NEWSTRUCTURE,80,exponential,8736.223795814618,7897.177995601532,9973.32068202768,60,0.00018708183272810264,True
24,5_6C_36PER_4_3C_NEWSTRUCTURE,1,linear,17014.868594054646,12531.940606289585,27372.28438657719,60,0.0008494075956348269,True
24,5_6C_36PER_4_3C_NEWSTRUCTURE,20,linear,10725.270012604533,9543.105996886263,12395.882190099961,60,0.0002532678896484187,True
24,5_6C_36PER_4_3C_NEWSTRUCTURE,50,linear,8424.887499451643,7862.228411828157,8886.963752396714,60,0.0001651225683182268,True
24,5_6C_36PER_4_3C_NEWSTRUCTURE,80,linear,7845.3794265099295,6980.537634437067,8678.145997084144,60,0.00018705477253348708,True
24,5_6C_36PER_4_3C_NEWSTRUCTURE,1,power,679.7990585515226,628.3630229472864,2247.2824721657416,60,0.0007297201843987571,True
24,5_6C_36PER_4_3C_NEWSTRUCTURE,20,power,1045.5216688034825,847.9936215742962,1439.5424299183758,60,0.00016901479134355751,True
24,5_6C_36PER_4_3C_NEWSTRUCTURE,50,power,2719.9646412238094,1360.5758949104434,6782.774927196582,60,0.00015931510164982751,True
24,5_6C_36PER_4_3C_NEWSTRUCTURE,80,power,1655.375459095979,706.3570582750827,1504286.092848359,60,0.00018363373662607694,True
25,4_8C_80PER_4_8C_NEWSTRUCTURE,1,exponential,13323.77200114965,10873.944465230607,15391.757024703295,60,0.0006197192097147851,True
25,4_8C_80PER_4_8C_NEWSTRUCTURE,20,exponential,10138.97444554116,9614.171288468397,10723.349549600545,60,0.00024473400631363704,True
25,4_8C_80PER_4_8C_NEWSTRUCTURE,50,exponential,9591.691332006527,8907.127738043899,10496.198777541109,60,0.0002677248132684011,True
25,4_8C_80PER_4_8C_NEWSTRUCTURE,80,exponential,11355.150209605375,10096.076895902019,14391.09715209637,60,0.00029174679896358004,True
25,4_8C_80PER_4_8C_NEWSTRUCTURE,1,linear,11954.215075201824,9801.814322109256,14093.090413185497,60,0.0006196058413537613,True
25,4_8C_80PER_4_8C_NEWSTRUCTURE,20,linear,9101.38968407073,8497.78943913383,9651.519496731413,60,0.0002447185093399917,True
25,4_8C_80PER_4_8C_NEWSTRUCTURE,50,linear,8614.256214573985,7838.306725347912,9523.545712875235,60,0.00026777631273151235,True
25,4_8C_80PER_4_8C_NEWSTRUCTURE,80,linear,10198.485728898228,8567.945987325264,12222.96361168323,60,0.0002917342363222669,True
25,4_8C_80PER_4_8C_NEWSTRUCTURE,1,power,1190.4192983751973,613.0937941722561,2638.789344882857,60,0.0005347336446209889,True
25,4_8C_80PER_4_8C_NEWSTRUCTURE,20,power,5849.411374103014,2807.249922248938,18919.970687190144,60,0.00024391463407013534,True
25,4_8C_80PER_4_8C_NEWSTRUCTURE,50,power,28387017.414420374,29998.204707800855,36354076.59002497,60,0.0002568782627183212,True
25,4_8C_80PER_4_8C_NEWSTRUCTURE,80,power,905.9056698291819,719.4648153231118,55149.89180443032,60,0.0002868466327137238,True
