battery_id,EOL_cycle_pred,EOL_lower,EOL_upper,EOL_linear,EOL_power,EOL_alternative,model_disagreement,model,uncertainty_interpretation,bootstrap_repetitions_per_fit
2,9806.816278873208,613.5193151196331,25204.033811766694,9896.906767523891,1714.7381854946964,11012.166741342578,9297.428555847882,"median(linear,power,exponential; fit starts 1/20/50/80)",model-window bootstrap sensitivity envelope; not calibrated confidence interval,60
5,6782.989060042835,571.2178712230725,15414.809129624056,7401.043703970716,743.838179446158,8241.221249953913,7497.383070507754,"median(linear,power,exponential; fit starts 1/20/50/80)",model-window bootstrap sensitivity envelope; not calibrated confidence interval,60
9,1983.6493712549063,454.91032342184866,3326.4401932858314,2170.181010257543,651.7509011683703,2406.5961265103697,1754.8452253419994,"median(linear,power,exponential; fit starts 1/20/50/80)",model-window bootstrap sensitivity envelope; not calibrated confidence interval,60
10,8841.409703908352,623.2832008959081,16615556.732077133,8926.08067452144,3498.5362199393685,9940.987278075476,6442.451058136107,"median(linear,power,exponential; fit starts 1/20/50/80)",model-window bootstrap sensitivity envelope; not calibrated confidence interval,60
11,8334.51988003985,1023.602634900959,5402175.056846602,7907.646893013662,4490.26199817517,8802.787959501304,4312.525961326133,"median(linear,power,exponential; fit starts 1/20/50/80)",model-window bootstrap sensitivity envelope; not calibrated confidence interval,60
14,9285.540883953821,653.068839734954,1674536.731653167,9995.631694739819,2345.723190382616,11135.67057917783,8789.947388795214,"median(linear,power,exponential; fit starts 1/20/50/80)",model-window bootstrap sensitivity envelope; not calibrated confidence interval,60
16,1042.4535286412004,667.6474649107392,1161.7533753182774,1042.4535286412004,943.7569882604272,1143.7994816129046,200.04249335247744,"median(linear,power,exponential; fit starts 1/20/50/80)",model-window bootstrap sensitivity envelope; not calibrated confidence interval,60
24,8580.55564763313,628.3630229472864,1504286.092848359,9575.078756028088,1350.4485639497307,10668.02001169974,9317.57144775001,"median(linear,power,exponential; fit starts 1/20/50/80)",model-window bootstrap sensitivity envelope; not calibrated confidence interval,60
25,9865.332888773843,613.0937941722561,36354076.59002497,9649.937706484478,3519.9153362391057,10747.062327573269,7227.1469913341625,"median(linear,power,exponential; fit starts 1/20/50/80)",model-window bootstrap sensitivity envelope; not calibrated confidence interval,60
