battery_id,cycle,SOH_pred,SOH_lower,SOH_upper,model
2,151,0.995259933916788,0.9942345761309022,0.9962852917026739,0.668*Power101+0.332*Linear50
2,152,0.9952358473708418,0.994210489584956,0.9962612051567277,0.668*Power101+0.332*Linear50
2,153,0.9952117277073165,0.9941863699214306,0.9962370854932023,0.668*Power101+0.332*Linear50
2,154,0.9951875750762305,0.9941622172903446,0.9962129328621163,0.668*Power101+0.332*Linear50
2,155,0.9951633896259513,0.9941380318400654,0.9961887474118372,0.668*Power101+0.332*Linear50
2,156,0.995139171503225,0.9941138137173391,0.9961645292891108,0.668*Power101+0.332*Linear50
2,157,0.9951149208532042,0.9940895630673183,0.99614027863909,0.668*Power101+0.332*Linear50
2,158,0.9950906378194753,0.9940652800335894,0.9961159956053611,0.668*Power101+0.332*Linear50
2,159,0.995066322544085,0.9940409647581991,0.9960916803299709,0.668*Power101+0.332*Linear50
2,160,0.9950419751675667,0.9940166173816808,0.9960673329534525,0.668*Power101+0.332*Linear50
2,161,0.995017595828966,0.99373088059992,0.996304311058012,0.668*Power101+0.332*Linear50
2,162,0.9949931846658651,0.9937064694368191,0.9962798998949111,0.668*Power101+0.332*Linear50
2,163,0.9949687418144081,0.9936820265853621,0.9962554570434541,0.668*Power101+0.332*Linear50
2,164,0.9949442674093237,0.9936575521802777,0.9962309826383697,0.668*Power101+0.332*Linear50
2,165,0.9949197615839493,0.9936330463549033,0.9962064768129953,0.668*Power101+0.332*Linear50
2,166,0.9948952244702534,0.9936085092412074,0.9961819396992994,0.668*Power101+0.332*Linear50
2,167,0.9948706561988574,0.9935839409698114,0.9961573714279034,0.668*Power101+0.332*Linear50
2,168,0.9948460568990579,0.9935593416700119,0.9961327721281039,0.668*Power101+0.332*Linear50
2,169,0.9948214266988483,0.9935347114698023,0.9961081419278943,0.668*Power101+0.332*Linear50
2,170,0.9947967657249386,0.9935100504958926,0.9960834809539846,0.668*Power101+0.332*Linear50
2,171,0.9947720741027761,0.9936901321676838,0.9958540160378685,0.668*Power101+0.332*Linear50
2,172,0.9947473519565662,0.9936654100214738,0.9958292938916585,0.668*Power101+0.332*Linear50
2,173,0.99472259940929,0.9936406574741976,0.9958045413443823,0.668*Power101+0.332*Linear50
2,174,0.9946978165827254,0.993615874647633,0.9957797585178177,0.668*Power101+0.332*Linear50
2,175,0.994673003597464,0.9935910616623717,0.9957549455325564,0.668*Power101+0.332*Linear50
2,176,0.9946481605729309,0.9935662186378386,0.9957301025080233,0.668*Power101+0.332*Linear50
2,177,0.9946232876274014,0.993541345692309,0.9957052295624937,0.668*Power101+0.332*Linear50
2,178,0.994598384878019,0.9935164429429266,0.9956803268131114,0.668*Power101+0.332*Linear50
2,179,0.9945734524408123,0.9934915105057199,0.9956553943759047,0.668*Power101+0.332*Linear50
2,180,0.9945484904307124,0.99346654849562,0.9956304323658047,0.668*Power101+0.332*Linear50
2,181,0.9945234989615683,0.9932355709126783,0.9958114270104583,0.668*Power101+0.332*Linear50
2,182,0.9944984781461641,0.9932105500972741,0.9957864061950541,0.668*Power101+0.332*Linear50
2,183,0.9944734280962338,0.9931855000473438,0.9957613561451238,0.668*Power101+0.332*Linear50
2,184,0.9944483489224776,0.9931604208735876,0.9957362769713676,0.668*Power101+0.332*Linear50
2,185,0.9944232407345766,0.9931353126856866,0.9957111687834665,0.668*Power101+0.332*Linear50
2,186,0.994398103641207,0.993110175592317,0.995686031690097,0.668*Power101+0.332*Linear50
2,187,0.9943729377500563,0.9930850097011663,0.9956608657989463,0.668*Power101+0.332*Linear50
2,188,0.9943477431678365,0.9930598151189465,0.9956356712167265,0.668*Power101+0.332*Linear50
2,189,0.9943225200002974,0.9930345919514074,0.9956104480491874,0.668*Power101+0.332*Linear50
2,190,0.994297268352242,0.993009340303352,0.995585196401132,0.668*Power101+0.332*Linear50
2,191,0.9942719883275385,0.9927862366440537,0.9957577400110232,0.668*Power101+0.332*Linear50
2,192,0.9942466800291341,0.9927609283456493,0.9957324317126188,0.668*Power101+0.332*Linear50
2,193,0.9942213435590681,0.9927355918755834,0.9957070952425529,0.668*Power101+0.332*Linear50
2,194,0.994195979018484,0.9927102273349993,0.9956817307019687,0.668*Power101+0.332*Linear50
2,195,0.9941705865076426,0.9926848348241578,0.9956563381911273,0.668*Power101+0.332*Linear50
2,196,0.9941451661259332,0.9926594144424484,0.9956309178094179,0.668*Power101+0.332*Linear50
2,197,0.994119717971887,0.9926339662884023,0.9956054696553718,0.668*Power101+0.332*Linear50
2,198,0.9940942421431878,0.992608490459703,0.9955799938266725,0.668*Power101+0.332*Linear50
2,199,0.9940687387366837,0.9925829870531989,0.9955544904201684,0.668*Power101+0.332*Linear50
2,200,0.9940432078483985,0.9925574561649138,0.9955289595318833,0.668*Power101+0.332*Linear50
5,151,0.9961255975315306,0.9951002397456448,0.9971509553174165,0.668*Power101+0.332*Linear50
5,152,0.9960772302120159,0.99505187242613,0.9971025879979017,0.668*Power101+0.332*Linear50
5,153,0.996028556916013,0.9950031991301271,0.9970539147018989,0.668*Power101+0.332*Linear50
5,154,0.9959795769316282,0.9949542191457423,0.9970049347175141,0.668*Power101+0.332*Linear50
5,155,0.9959302895499651,0.9949049317640792,0.996955647335851,0.668*Power101+0.332*Linear50
5,156,0.9958806940650935,0.9948553362792076,0.9969060518509794,0.668*Power101+0.332*Linear50
5,157,0.9958307897740171,0.9948054319881312,0.9968561475599029,0.668*Power101+0.332*Linear50
5,158,0.995780575976643,0.9947552181907572,0.9968059337625289,0.668*Power101+0.332*Linear50
5,159,0.9957300519757515,0.9947046941898656,0.9967554097616373,0.668*Power101+0.332*Linear50
5,160,0.9956792170769659,0.9946538592910801,0.9967045748628518,0.668*Power101+0.332*Linear50
5,161,0.9956280705887235,0.9943413553596775,0.9969147858177695,0.668*Power101+0.332*Linear50
5,162,0.9955766118222462,0.9942898965932002,0.9968633270512922,0.668*Power101+0.332*Linear50
5,163,0.9955248400915125,0.9942381248624665,0.9968115553205585,0.668*Power101+0.332*Linear50
5,164,0.9954727547132296,0.9941860394841836,0.9967594699422756,0.668*Power101+0.332*Linear50
5,165,0.9954203550068057,0.9941336397777597,0.9967070702358517,0.668*Power101+0.332*Linear50
5,166,0.995367640294323,0.994080925065277,0.996654355523369,0.668*Power101+0.332*Linear50
5,167,0.9953146099005109,0.9940278946714649,0.9966013251295569,0.668*Power101+0.332*Linear50
5,168,0.9952612631527202,0.9939745479236742,0.9965479783817662,0.668*Power101+0.332*Linear50
5,169,0.9952075993808972,0.9939208841518512,0.9964943146099432,0.668*Power101+0.332*Linear50
5,170,0.9951536179175579,0.9938669026885119,0.9964403331466039,0.668*Power101+0.332*Linear50
5,171,0.9950993180977636,0.9940173761626713,0.996181260032856,0.668*Power101+0.332*Linear50
5,172,0.9950446992590963,0.993962757324004,0.9961266411941887,0.668*Power101+0.332*Linear50
5,173,0.9949897607416338,0.9939078188065414,0.9960717026767262,0.668*Power101+0.332*Linear50
5,174,0.9949345018879264,0.9938525599528341,0.9960164438230188,0.668*Power101+0.332*Linear50
5,175,0.9948789220429738,0.9937969801078814,0.9959608639780662,0.668*Power101+0.332*Linear50
5,176,0.994823020554201,0.9937410786191087,0.9959049624892934,0.668*Power101+0.332*Linear50
5,177,0.9947667967714363,0.993684854836344,0.9958487387065287,0.668*Power101+0.332*Linear50
5,178,0.9947102500468887,0.9936283081117964,0.9957921919819811,0.668*Power101+0.332*Linear50
5,179,0.9946533797351255,0.9935714378000331,0.9957353216702178,0.668*Power101+0.332*Linear50
5,180,0.9945961851930509,0.9935142432579586,0.9956781271281433,0.668*Power101+0.332*Linear50
5,181,0.9945386657798846,0.9932507377309946,0.9958265938287746,0.668*Power101+0.332*Linear50
5,182,0.9944808208571402,0.9931928928082502,0.9957687489060302,0.668*Power101+0.332*Linear50
5,183,0.9944226497886048,0.9931347217397148,0.9957105778374948,0.668*Power101+0.332*Linear50
5,184,0.9943641519403186,0.9930762238914286,0.9956520799892086,0.668*Power101+0.332*Linear50
5,185,0.9943053266805539,0.9930173986316639,0.9955932547294439,0.668*Power101+0.332*Linear50
5,186,0.9942461733797963,0.9929582453309063,0.9955341014286863,0.668*Power101+0.332*Linear50
5,187,0.9941866914107239,0.9928987633618339,0.9954746194596139,0.668*Power101+0.332*Linear50
5,188,0.994126880148189,0.992838952099299,0.995414808197079,0.668*Power101+0.332*Linear50
5,189,0.9940667389691981,0.9927788109203081,0.9953546670180881,0.668*Power101+0.332*Linear50
5,190,0.9940062672528934,0.9927183392040034,0.9952941953017834,0.668*Power101+0.332*Linear50
5,191,0.9939454643805349,0.9924597126970501,0.9954312160640196,0.668*Power101+0.332*Linear50
5,192,0.9938843297354808,0.992398578051996,0.9953700814189655,0.668*Power101+0.332*Linear50
5,193,0.9938228627031704,0.9923371110196857,0.9953086143866552,0.668*Power101+0.332*Linear50
5,194,0.9937610626711063,0.9922753109876216,0.9952468143545911,0.668*Power101+0.332*Linear50
5,195,0.993698929028836,0.9922131773453513,0.9951846807123208,0.668*Power101+0.332*Linear50
5,196,0.9936364611679357,0.9921507094844509,0.9951222128514204,0.668*Power101+0.332*Linear50
5,197,0.9935736584819923,0.9920879067985076,0.995059410165477,0.668*Power101+0.332*Linear50
5,198,0.993510520366587,0.9920247686831023,0.9949962720500718,0.668*Power101+0.332*Linear50
5,199,0.9934470462192787,0.991961294535794,0.9949327979027635,0.668*Power101+0.332*Linear50
5,200,0.9933832354395873,0.9918974837561025,0.994868987123072,0.668*Power101+0.332*Linear50
9,151,0.9888890995641402,0.9878637417782543,0.989914457350026,0.668*Power101+0.332*Linear50
9,152,0.9887499206937893,0.9877245629079034,0.9897752784796752,0.668*Power101+0.332*Linear50
9,153,0.9886101833256649,0.987584825539779,0.9896355411115507,0.668*Power101+0.332*Linear50
9,154,0.9884698879716276,0.9874445301857417,0.9894952457575135,0.668*Power101+0.332*Linear50
9,155,0.9883290351397386,0.9873036773538527,0.9893543929256244,0.668*Power101+0.332*Linear50
9,156,0.9881876253343123,0.9871622675484264,0.9892129831201981,0.668*Power101+0.332*Linear50
9,157,0.9880456590559681,0.9870203012700822,0.989071016841854,0.668*Power101+0.332*Linear50
9,158,0.9879031368016814,0.9868777790157955,0.9889284945875673,0.668*Power101+0.332*Linear50
9,159,0.9877600590648317,0.9867347012789458,0.9887854168507175,0.668*Power101+0.332*Linear50
9,160,0.9876164263352523,0.9865910685493664,0.9886417841211381,0.668*Power101+0.332*Linear50
9,161,0.9874722390992773,0.9861855238702313,0.9887589543283233,0.668*Power101+0.332*Linear50
9,162,0.9873274978397888,0.9860407826107428,0.9886142130688348,0.668*Power101+0.332*Linear50
9,163,0.9871822030362618,0.9858954878072158,0.9884689182653078,0.668*Power101+0.332*Linear50
9,164,0.9870363551648099,0.9857496399357639,0.9883230703938559,0.668*Power101+0.332*Linear50
9,165,0.9868899546982286,0.9856032394691826,0.9881766699272746,0.668*Power101+0.332*Linear50
9,166,0.9867430021060386,0.9854562868769926,0.9880297173350846,0.668*Power101+0.332*Linear50
9,167,0.9865954978545285,0.9853087826254825,0.9878822130835745,0.668*Power101+0.332*Linear50
9,168,0.9864474424067959,0.9851607271777499,0.9877341576358419,0.668*Power101+0.332*Linear50
9,169,0.9862988362227887,0.9850121209937427,0.9875855514518347,0.668*Power101+0.332*Linear50
9,170,0.986149679759344,0.984862964530298,0.98743639498839,0.668*Power101+0.332*Linear50
9,171,0.9859999734702284,0.984918031535136,0.9870819154053208,0.668*Power101+0.332*Linear50
9,172,0.9858497178061765,0.9847677758710841,0.9869316597412688,0.668*Power101+0.332*Linear50
9,173,0.9856989132149276,0.9846169712798353,0.98678085515002,0.668*Power101+0.332*Linear50
9,174,0.9855475601412642,0.9844656182061718,0.9866295020763566,0.668*Power101+0.332*Linear50
9,175,0.9853956590270478,0.9843137170919555,0.9864776009621402,0.668*Power101+0.332*Linear50
9,176,0.9852432103112551,0.9841612683761627,0.9863251522463474,0.668*Power101+0.332*Linear50
9,177,0.9850902144300118,0.9840082724949194,0.9861721563651041,0.668*Power101+0.332*Linear50
9,178,0.9849366718166293,0.9838547298815369,0.9860186137517216,0.668*Power101+0.332*Linear50
9,179,0.9847825829016369,0.9837006409665445,0.9858645248367293,0.668*Power101+0.332*Linear50
9,180,0.984627948112816,0.9835460061777236,0.9857098900479083,0.668*Power101+0.332*Linear50
9,181,0.9844727678752325,0.9831848398263425,0.9857606959241225,0.668*Power101+0.332*Linear50
9,182,0.9843170426112691,0.9830291145623791,0.9856049706601591,0.668*Power101+0.332*Linear50
9,183,0.9841607727406568,0.9828728446917668,0.9854487007895468,0.668*Power101+0.332*Linear50
9,184,0.9840039586805065,0.9827160306316165,0.9852918867293965,0.668*Power101+0.332*Linear50
9,185,0.9838466008453384,0.9825586727964484,0.9851345288942284,0.668*Power101+0.332*Linear50
9,186,0.9836886996471135,0.9824007715982235,0.9849766276960035,0.668*Power101+0.332*Linear50
9,187,0.9835302554952616,0.9822423274463716,0.9848181835441516,0.668*Power101+0.332*Linear50
9,188,0.983371268796712,0.982083340747822,0.984659196845602,0.668*Power101+0.332*Linear50
9,189,0.9832117399559204,0.9819238119070304,0.9844996680048104,0.668*Power101+0.332*Linear50
9,190,0.9830516693748981,0.9817637413260081,0.9843395974237881,0.668*Power101+0.332*Linear50
9,191,0.9828910574532386,0.9814053057697538,0.9843768091367233,0.668*Power101+0.332*Linear50
9,192,0.9827299045881464,0.9812441529046616,0.9842156562716311,0.668*Power101+0.332*Linear50
9,193,0.9825682111744614,0.9810824594909766,0.9840539628579461,0.668*Power101+0.332*Linear50
9,194,0.9824059776046874,0.9809202259212026,0.9838917292881721,0.668*Power101+0.332*Linear50
9,195,0.9822432042690165,0.9807574525855317,0.9837289559525012,0.668*Power101+0.332*Linear50
9,196,0.9820798915553547,0.9805941398718699,0.9835656432388394,0.668*Power101+0.332*Linear50
9,197,0.9819160398493478,0.9804302881658631,0.9834017915328326,0.668*Power101+0.332*Linear50
9,198,0.9817516495344046,0.9802658978509199,0.9832374012178894,0.668*Power101+0.332*Linear50
9,199,0.9815867209917227,0.980100969308238,0.9830724726752075,0.668*Power101+0.332*Linear50
9,200,0.9814212546003109,0.9799355029168262,0.9829070062837957,0.668*Power101+0.332*Linear50
10,151,0.9971117139068462,0.9960863561209603,0.998137071692732,0.668*Power101+0.332*Linear50
10,152,0.9970876840589977,0.9960623262731119,0.9981130418448836,0.668*Power101+0.332*Linear50
10,153,0.9970636530053122,0.9960382952194263,0.998089010791198,0.668*Power101+0.332*Linear50
10,154,0.9970396207535794,0.9960142629676936,0.9980649785394653,0.668*Power101+0.332*Linear50
10,155,0.9970155873114899,0.995990229525604,0.9980409450973757,0.668*Power101+0.332*Linear50
10,156,0.9969915526866344,0.9959661949007486,0.9980169104725203,0.668*Power101+0.332*Linear50
10,157,0.9969675168865075,0.9959421591006217,0.9979928746723934,0.668*Power101+0.332*Linear50
10,158,0.9969434799185087,0.9959181221326229,0.9979688377043946,0.668*Power101+0.332*Linear50
10,159,0.9969194417899444,0.9958940840040585,0.9979447995758303,0.668*Power101+0.332*Linear50
10,160,0.9968954025080297,0.9958700447221438,0.9979207602939155,0.668*Power101+0.332*Linear50
10,161,0.9968713620798897,0.9955846468508437,0.9981580773089357,0.668*Power101+0.332*Linear50
10,162,0.9968473205125616,0.9955606052835156,0.9981340357416076,0.668*Power101+0.332*Linear50
10,163,0.9968232778129968,0.9955365625839508,0.9981099930420428,0.668*Power101+0.332*Linear50
10,164,0.9967992339880611,0.9955125187590151,0.9980859492171071,0.668*Power101+0.332*Linear50
10,165,0.9967751890445378,0.9954884738154918,0.9980619042735838,0.668*Power101+0.332*Linear50
10,166,0.9967511429891275,0.9954644277600815,0.9980378582181735,0.668*Power101+0.332*Linear50
10,167,0.9967270958284514,0.9954403805994054,0.9980138110574974,0.668*Power101+0.332*Linear50
10,168,0.9967030475690515,0.9954163323400055,0.9979897627980975,0.668*Power101+0.332*Linear50
10,169,0.9966789982173924,0.9953922829883464,0.9979657134464384,0.668*Power101+0.332*Linear50
10,170,0.9966549477798625,0.9953682325508165,0.9979416630089085,0.668*Power101+0.332*Linear50
10,171,0.9966308962627759,0.9955489543276835,0.9977128381978683,0.668*Power101+0.332*Linear50
10,172,0.9966068436723727,0.9955249017372804,0.9976887856074651,0.668*Power101+0.332*Linear50
10,173,0.9965827900148212,0.9955008480797288,0.9976647319499136,0.668*Power101+0.332*Linear50
10,174,0.9965587352962189,0.9954767933611265,0.9976406772313112,0.668*Power101+0.332*Linear50
10,175,0.9965346795225931,0.9954527375875007,0.9976166214576855,0.668*Power101+0.332*Linear50
10,176,0.9965106226999034,0.9954286807648111,0.9975925646349958,0.668*Power101+0.332*Linear50
10,177,0.9964865648340415,0.9954046228989492,0.9975685067691339,0.668*Power101+0.332*Linear50
10,178,0.996462505930833,0.9953805639957406,0.9975444478659253,0.668*Power101+0.332*Linear50
10,179,0.9964384459960385,0.9953565040609461,0.9975203879311308,0.668*Power101+0.332*Linear50
10,180,0.9964143850353544,0.995332443100262,0.9974963269704468,0.668*Power101+0.332*Linear50
10,181,0.9963903230544144,0.9951023950055244,0.9976782511033044,0.668*Power101+0.332*Linear50
10,182,0.9963662600587904,0.9950783320099004,0.9976541881076804,0.668*Power101+0.332*Linear50
10,183,0.9963421960539933,0.9950542680051033,0.9976301241028833,0.668*Power101+0.332*Linear50
10,184,0.9963181310454738,0.9950302029965838,0.9976060590943638,0.668*Power101+0.332*Linear50
10,185,0.9962940650386243,0.9950061369897343,0.9975819930875143,0.668*Power101+0.332*Linear50
10,186,0.9962699980387786,0.9949820699898886,0.9975579260876686,0.668*Power101+0.332*Linear50
10,187,0.9962459300512143,0.9949580020023243,0.9975338581001043,0.668*Power101+0.332*Linear50
10,188,0.9962218610811516,0.9949339330322616,0.9975097891300416,0.668*Power101+0.332*Linear50
10,189,0.996197791133757,0.994909863084867,0.997485719182647,0.668*Power101+0.332*Linear50
10,190,0.9961737202141414,0.9948857921652514,0.9974616482630314,0.668*Power101+0.332*Linear50
10,191,0.9961496483273631,0.9946638966438783,0.9976354000108478,0.668*Power101+0.332*Linear50
10,192,0.996125575478427,0.9946398237949422,0.9976113271619117,0.668*Power101+0.332*Linear50
10,193,0.9961015016722865,0.9946157499888018,0.9975872533557713,0.668*Power101+0.332*Linear50
10,194,0.9960774269138444,0.9945916752303596,0.9975631785973291,0.668*Power101+0.332*Linear50
10,195,0.9960533512079526,0.9945675995244678,0.9975391028914373,0.668*Power101+0.332*Linear50
10,196,0.9960292745594136,0.9945435228759288,0.9975150262428983,0.668*Power101+0.332*Linear50
10,197,0.9960051969729815,0.9945194452894968,0.9974909486564663,0.668*Power101+0.332*Linear50
10,198,0.995981118453362,0.9944953667698773,0.9974668701368468,0.668*Power101+0.332*Linear50
10,199,0.9959570390052142,0.9944712873217294,0.9974427906886989,0.668*Power101+0.332*Linear50
10,200,0.9959329586331499,0.9944472069496652,0.9974187103166346,0.668*Power101+0.332*Linear50
11,151,0.9967331931880163,0.9957078354021305,0.9977585509739022,0.668*Power101+0.332*Linear50
11,152,0.99670866322714,0.9956833054412542,0.9977340210130259,0.668*Power101+0.332*Linear50
11,153,0.9966841458574099,0.9956587880715241,0.9977095036432958,0.668*Power101+0.332*Linear50
11,154,0.9966596409868451,0.9956342832009593,0.997684998772731,0.668*Power101+0.332*Linear50
11,155,0.9966351485247296,0.9956097907388437,0.9976605063106154,0.668*Power101+0.332*Linear50
11,156,0.996610668381586,0.9955853105957001,0.9976360261674718,0.668*Power101+0.332*Linear50
11,157,0.9965862004691519,0.9955608426832661,0.9976115582550378,0.668*Power101+0.332*Linear50
11,158,0.9965617447003553,0.9955363869144694,0.9975871024862412,0.668*Power101+0.332*Linear50
11,159,0.9965373009892906,0.9955119432034047,0.9975626587751765,0.668*Power101+0.332*Linear50
11,160,0.9965128692511964,0.9954875114653106,0.9975382270370823,0.668*Power101+0.332*Linear50
11,161,0.996488449402433,0.995201734173387,0.997775164631479,0.668*Power101+0.332*Linear50
11,162,0.9964640413604607,0.9951773261314147,0.9977507565895067,0.668*Power101+0.332*Linear50
11,163,0.9964396450438189,0.9951529298147729,0.9977263602728649,0.668*Power101+0.332*Linear50
11,164,0.9964152603721044,0.9951285451430584,0.9977019756011504,0.668*Power101+0.332*Linear50
11,165,0.9963908872659529,0.9951041720369069,0.9976776024949989,0.668*Power101+0.332*Linear50
11,166,0.9963665256470182,0.9950798104179722,0.9976532408760642,0.668*Power101+0.332*Linear50
11,167,0.9963421754379531,0.9950554602089071,0.9976288906669991,0.668*Power101+0.332*Linear50
11,168,0.9963178365623919,0.9950311213333459,0.9976045517914379,0.668*Power101+0.332*Linear50
11,169,0.9962935089449307,0.9950067937158847,0.9975802241739767,0.668*Power101+0.332*Linear50
11,170,0.9962691925111107,0.9949824772820647,0.9975559077401567,0.668*Power101+0.332*Linear50
11,171,0.9962448871873999,0.9951629452523075,0.9973268291224923,0.668*Power101+0.332*Linear50
11,172,0.996220592901178,0.9951386509660857,0.9973025348362704,0.668*Power101+0.332*Linear50
11,173,0.9961963095807176,0.9951143676456252,0.99727825151581,0.668*Power101+0.332*Linear50
11,174,0.9961720371551694,0.9950900952200771,0.9972539790902618,0.668*Power101+0.332*Linear50
11,175,0.9961477755545469,0.9950658336194546,0.9972297174896393,0.668*Power101+0.332*Linear50
11,176,0.9961235247097097,0.9950415827746173,0.997205466644802,0.668*Power101+0.332*Linear50
11,177,0.9960992845523495,0.9950173426172572,0.9971812264874419,0.668*Power101+0.332*Linear50
11,178,0.9960750550149753,0.9949931130798829,0.9971569969500677,0.668*Power101+0.332*Linear50
11,179,0.9960508360308986,0.9949688940958062,0.997132777965991,0.668*Power101+0.332*Linear50
11,180,0.9960266275342202,0.9949446855991279,0.9971085694693126,0.668*Power101+0.332*Linear50
11,181,0.9960024294598158,0.9947145014109258,0.9972903575087058,0.668*Power101+0.332*Linear50
11,182,0.9959782417433231,0.9946903136944331,0.997266169792213,0.668*Power101+0.332*Linear50
11,183,0.9959540643211287,0.9946661362722387,0.9972419923700186,0.668*Power101+0.332*Linear50
11,184,0.9959298971303547,0.9946419690814647,0.9972178251792447,0.668*Power101+0.332*Linear50
11,185,0.9959057401088477,0.9946178120599577,0.9971936681577377,0.668*Power101+0.332*Linear50
11,186,0.9958815931951652,0.9945936651462752,0.9971695212440552,0.668*Power101+0.332*Linear50
11,187,0.9958574563285638,0.9945695282796738,0.9971453843774538,0.668*Power101+0.332*Linear50
11,188,0.9958333294489891,0.9945454014000991,0.997121257497879,0.668*Power101+0.332*Linear50
11,189,0.9958092124970614,0.9945212844481714,0.9970971405459514,0.668*Power101+0.332*Linear50
11,190,0.9957851054140678,0.9944971773651778,0.9970730334629578,0.668*Power101+0.332*Linear50
11,191,0.9957610081419492,0.9942752564584645,0.997246759825434,0.668*Power101+0.332*Linear50
11,192,0.9957369206232897,0.9942511689398049,0.9972226723067744,0.668*Power101+0.332*Linear50
11,193,0.9957128428013073,0.9942270911178226,0.9971985944847921,0.668*Power101+0.332*Linear50
11,194,0.9956887746198424,0.9942030229363576,0.9971745263033271,0.668*Power101+0.332*Linear50
11,195,0.9956647160233489,0.9941789643398642,0.9971504677068337,0.668*Power101+0.332*Linear50
11,196,0.9956406669568838,0.994154915273399,0.9971264186403686,0.668*Power101+0.332*Linear50
11,197,0.9956166273660971,0.9941308756826124,0.9971023790495819,0.668*Power101+0.332*Linear50
11,198,0.9955925971972238,0.9941068455137391,0.9970783488807086,0.668*Power101+0.332*Linear50
11,199,0.9955685763970732,0.9940828247135884,0.9970543280805579,0.668*Power101+0.332*Linear50
11,200,0.9955445649130212,0.9940588132295365,0.997030316596506,0.668*Power101+0.332*Linear50
14,151,0.9974485161835488,0.9964231583976629,0.9984738739694347,0.668*Power101+0.332*Linear50
14,152,0.9974225860694705,0.9963972282835847,0.9984479438553564,0.668*Power101+0.332*Linear50
14,153,0.9973966033079188,0.9963712455220329,0.9984219610938047,0.668*Power101+0.332*Linear50
14,154,0.9973705680856917,0.9963452102998058,0.9983959258715775,0.668*Power101+0.332*Linear50
14,155,0.9973444805877139,0.996319122801828,0.9983698383735997,0.668*Power101+0.332*Linear50
14,156,0.9973183409970674,0.9962929832111815,0.9983436987829533,0.668*Power101+0.332*Linear50
14,157,0.9972921494950215,0.9962667917091357,0.9983175072809074,0.668*Power101+0.332*Linear50
14,158,0.9972659062610632,0.9962405484751773,0.998291264046949,0.668*Power101+0.332*Linear50
14,159,0.9972396114729245,0.9962142536870386,0.9982649692588104,0.668*Power101+0.332*Linear50
14,160,0.9972132653066117,0.9961879075207258,0.9982386230924976,0.668*Power101+0.332*Linear50
14,161,0.9971868679364317,0.9959001527073857,0.9984735831654777,0.668*Power101+0.332*Linear50
14,162,0.9971604195350202,0.9958737043059742,0.9984471347640662,0.668*Power101+0.332*Linear50
14,163,0.9971339202733667,0.9958472050443207,0.9984206355024127,0.668*Power101+0.332*Linear50
14,164,0.997107370320841,0.995820655091795,0.998394085549887,0.668*Power101+0.332*Linear50
14,165,0.9970807698452182,0.9957940546161722,0.9983674850742642,0.668*Power101+0.332*Linear50
14,166,0.997054119012703,0.995767403783657,0.998340834241749,0.668*Power101+0.332*Linear50
14,167,0.9970274179879544,0.9957407027589084,0.9983141332170004,0.668*Power101+0.332*Linear50
14,168,0.9970006669341084,0.9957139517050624,0.9982873821631544,0.668*Power101+0.332*Linear50
14,169,0.9969738660128015,0.9956871507837555,0.9982605812418475,0.668*Power101+0.332*Linear50
14,170,0.9969470153841941,0.9956603001551481,0.9982337306132401,0.668*Power101+0.332*Linear50
14,171,0.9969201152069906,0.9958381732718983,0.998002057142083,0.668*Power101+0.332*Linear50
14,172,0.9968931656384636,0.9958112237033713,0.997975107573556,0.668*Power101+0.332*Linear50
14,173,0.9968661668344727,0.9957842248993803,0.9979481087695651,0.668*Power101+0.332*Linear50
14,174,0.9968391189494872,0.9957571770143948,0.9979210608845795,0.668*Power101+0.332*Linear50
14,175,0.9968120221366049,0.9957300802015125,0.9978939640716973,0.668*Power101+0.332*Linear50
14,176,0.9967848765475735,0.9957029346124812,0.9978668184826659,0.668*Power101+0.332*Linear50
14,177,0.9967576823328088,0.9956757403977164,0.9978396242679012,0.668*Power101+0.332*Linear50
14,178,0.9967304396414147,0.9956484977063224,0.9978123815765071,0.668*Power101+0.332*Linear50
14,179,0.9967031486212017,0.9956212066861093,0.997785090556294,0.668*Power101+0.332*Linear50
14,180,0.9966758094187056,0.9955938674836132,0.997757751353798,0.668*Power101+0.332*Linear50
14,181,0.9966484221792042,0.9953604941303142,0.9979363502280942,0.668*Power101+0.332*Linear50
14,182,0.9966209870467373,0.9953330589978473,0.9979089150956273,0.668*Power101+0.332*Linear50
14,183,0.9965935041641218,0.9953055761152318,0.9978814322130118,0.668*Power101+0.332*Linear50
14,184,0.9965659736729704,0.9952780456240804,0.9978539017218604,0.668*Power101+0.332*Linear50
14,185,0.9965383957137068,0.9952504676648168,0.9978263237625968,0.668*Power101+0.332*Linear50
14,186,0.9965107704255831,0.9952228423766931,0.9977986984744731,0.668*Power101+0.332*Linear50
14,187,0.9964830979466954,0.9951951698978054,0.9977710259955854,0.668*Power101+0.332*Linear50
14,188,0.9964553784139997,0.9951674503651097,0.9977433064628897,0.668*Power101+0.332*Linear50
14,189,0.9964276119633271,0.9951396839144371,0.9977155400122171,0.668*Power101+0.332*Linear50
14,190,0.9963997987293992,0.9951118706805092,0.9976877267782892,0.668*Power101+0.332*Linear50
14,191,0.9963719388458431,0.9948861871623583,0.9978576905293278,0.668*Power101+0.332*Linear50
14,192,0.9963440324452053,0.9948582807617206,0.9978297841286901,0.668*Power101+0.332*Linear50
14,193,0.9963160796589666,0.9948303279754819,0.9978018313424514,0.668*Power101+0.332*Linear50
14,194,0.9962880806175565,0.9948023289340717,0.9977738323010412,0.668*Power101+0.332*Linear50
14,195,0.9962600354503659,0.9947742837668812,0.9977457871338506,0.668*Power101+0.332*Linear50
14,196,0.9962319442857615,0.9947461926022767,0.9977176959692462,0.668*Power101+0.332*Linear50
14,197,0.9962038072510989,0.9947180555676142,0.9976895589345837,0.668*Power101+0.332*Linear50
14,198,0.9961756244727358,0.994689872789251,0.9976613761562205,0.668*Power101+0.332*Linear50
14,199,0.9961473960760442,0.9946616443925594,0.9976331477595289,0.668*Power101+0.332*Linear50
14,200,0.996119122185424,0.9946333705019392,0.9976048738689087,0.668*Power101+0.332*Linear50
16,151,0.9718165902722795,0.9707912324863937,0.9728419480581654,0.668*Power101+0.332*Linear50
16,152,0.9716159968894007,0.9705906391035148,0.9726413546752866,0.668*Power101+0.332*Linear50
16,153,0.9714153214994394,0.9703899637135536,0.9724406792853253,0.668*Power101+0.332*Linear50
16,154,0.9712145645890191,0.9701892068031333,0.972239922374905,0.668*Power101+0.332*Linear50
16,155,0.9710137266387331,0.9699883688528472,0.972039084424619,0.668*Power101+0.332*Linear50
16,156,0.9708128081232588,0.9697874503373729,0.9718381659091446,0.668*Power101+0.332*Linear50
16,157,0.9706118095114666,0.9695864517255808,0.9716371672973525,0.668*Power101+0.332*Linear50
16,158,0.9704107312665287,0.9693853734806428,0.9714360890524145,0.668*Power101+0.332*Linear50
16,159,0.9702095738460229,0.969184216060137,0.9712349316319088,0.668*Power101+0.332*Linear50
16,160,0.9700083377020362,0.9689829799161503,0.9710336954879221,0.668*Power101+0.332*Linear50
16,161,0.9698070232812634,0.9685203080522174,0.9710937385103094,0.668*Power101+0.332*Linear50
16,162,0.9696056310251052,0.9683189157960592,0.9708923462541512,0.668*Power101+0.332*Linear50
16,163,0.9694041613697632,0.9681174461407172,0.9706908765988091,0.668*Power101+0.332*Linear50
16,164,0.969202614746332,0.967915899517286,0.970489329975378,0.668*Power101+0.332*Linear50
16,165,0.9690009915808913,0.9677142763518453,0.9702877068099373,0.668*Power101+0.332*Linear50
16,166,0.9687992922945923,0.9675125770655463,0.9700860075236383,0.668*Power101+0.332*Linear50
16,167,0.9685975173037457,0.9673108020746997,0.9698842325327917,0.668*Power101+0.332*Linear50
16,168,0.9683956670199054,0.9671089517908594,0.9696823822489514,0.668*Power101+0.332*Linear50
16,169,0.9681937418499504,0.9669070266209044,0.9694804570789964,0.668*Power101+0.332*Linear50
16,170,0.9679917421961659,0.9667050269671199,0.9692784574252119,0.668*Power101+0.332*Linear50
16,171,0.9677896684563219,0.9667077265212295,0.9688716103914142,0.668*Power101+0.332*Linear50
16,172,0.9675875210237495,0.9665055790886571,0.9686694629588418,0.668*Power101+0.332*Linear50
16,173,0.9673853002874161,0.9663033583523237,0.9684672422225085,0.668*Power101+0.332*Linear50
16,174,0.9671830066319994,0.966101064696907,0.9682649485670918,0.668*Power101+0.332*Linear50
16,175,0.966980640437958,0.9658986985028656,0.9680625823730503,0.668*Power101+0.332*Linear50
16,176,0.9667782020816026,0.9656962601465102,0.967860144016695,0.668*Power101+0.332*Linear50
16,177,0.9665756919351636,0.9654937500000712,0.9676576338702559,0.668*Power101+0.332*Linear50
16,178,0.9663731103668594,0.965291168431767,0.9674550523019517,0.668*Power101+0.332*Linear50
16,179,0.9661704577409599,0.9650885158058675,0.9672523996760523,0.668*Power101+0.332*Linear50
16,180,0.9659677344178531,0.9648857924827607,0.9670496763529455,0.668*Power101+0.332*Linear50
16,181,0.9657649407541062,0.9644770127052162,0.9670528688029962,0.668*Power101+0.332*Linear50
16,182,0.9655620771025273,0.9642741490536373,0.9668500051514173,0.668*Power101+0.332*Linear50
16,183,0.9653591438122258,0.9640712157633358,0.9666470718611158,0.668*Power101+0.332*Linear50
16,184,0.9651561412286707,0.9638682131797807,0.9664440692775607,0.668*Power101+0.332*Linear50
16,185,0.9649530696937489,0.963665141644859,0.9662409977426389,0.668*Power101+0.332*Linear50
16,186,0.9647499295458207,0.9634620014969307,0.9660378575947107,0.668*Power101+0.332*Linear50
16,187,0.9645467211197755,0.9632587930708855,0.9658346491686655,0.668*Power101+0.332*Linear50
16,188,0.9643434447470851,0.9630555166981951,0.9656313727959751,0.668*Power101+0.332*Linear50
16,189,0.9641401007558577,0.9628521727069677,0.9654280288047477,0.668*Power101+0.332*Linear50
16,190,0.9639366894708887,0.9626487614219987,0.9652246175197787,0.668*Power101+0.332*Linear50
16,191,0.9637332112137116,0.9622474595302268,0.9652189628971963,0.668*Power101+0.332*Linear50
16,192,0.9635296663026479,0.9620439146191632,0.9650154179861327,0.668*Power101+0.332*Linear50
16,193,0.9633260550528556,0.9618403033693709,0.9648118067363404,0.668*Power101+0.332*Linear50
16,194,0.9631223777763769,0.9616366260928921,0.9646081294598616,0.668*Power101+0.332*Linear50
16,195,0.962918634782185,0.9614328830987002,0.9644043864656697,0.668*Power101+0.332*Linear50
16,196,0.9627148263762297,0.961229074692745,0.9642005780597145,0.668*Power101+0.332*Linear50
16,197,0.9625109528614824,0.9610252011779976,0.9639967045449671,0.668*Power101+0.332*Linear50
16,198,0.96230701453798,0.9608212628544952,0.9637927662214647,0.668*Power101+0.332*Linear50
16,199,0.9621030117028679,0.9606172600193832,0.9635887633863527,0.668*Power101+0.332*Linear50
16,200,0.9618989446504428,0.960413192966958,0.9633846963339275,0.668*Power101+0.332*Linear50
24,151,0.9974809323151482,0.9964555745292624,0.9985062901010341,0.668*Power101+0.332*Linear50
24,152,0.9974516386370886,0.9964262808512028,0.9984769964229745,0.668*Power101+0.332*Linear50
24,153,0.9974222871980123,0.9963969294121264,0.9984476449838982,0.668*Power101+0.332*Linear50
24,154,0.9973928782050873,0.9963675204192014,0.9984182359909731,0.668*Power101+0.332*Linear50
24,155,0.9973634118633964,0.9963380540775105,0.9983887696492822,0.668*Power101+0.332*Linear50
24,156,0.9973338883759716,0.9963085305900857,0.9983592461618574,0.668*Power101+0.332*Linear50
24,157,0.9973043079438266,0.9962789501579408,0.9983296657297125,0.668*Power101+0.332*Linear50
24,158,0.9972746707659909,0.996249312980105,0.9983000285518767,0.668*Power101+0.332*Linear50
24,159,0.9972449770395411,0.9962196192536552,0.9982703348254269,0.668*Power101+0.332*Linear50
24,160,0.9972152269596322,0.9961898691737463,0.998240584745518,0.668*Power101+0.332*Linear50
24,161,0.9971854207195286,0.9958987054904826,0.9984721359485746,0.668*Power101+0.332*Linear50
24,162,0.997155558510634,0.995868843281588,0.99844227373968,0.668*Power101+0.332*Linear50
24,163,0.9971256405225204,0.9958389252934744,0.9984123557515664,0.668*Power101+0.332*Linear50
24,164,0.9970956669429571,0.9958089517139112,0.9983823821720031,0.668*Power101+0.332*Linear50
24,165,0.9970656379579388,0.9957789227288928,0.9983523531869848,0.668*Power101+0.332*Linear50
24,166,0.9970355537517123,0.9957488385226663,0.9983222689807583,0.668*Power101+0.332*Linear50
24,167,0.9970054145068046,0.9957186992777586,0.9982921297358506,0.668*Power101+0.332*Linear50
24,168,0.9969752204040483,0.9956885051750023,0.9982619356330943,0.668*Power101+0.332*Linear50
24,169,0.9969449716226074,0.9956582563935614,0.9982316868516534,0.668*Power101+0.332*Linear50
24,170,0.9969146683400028,0.9956279531109568,0.9982013835690488,0.668*Power101+0.332*Linear50
24,171,0.9968843107321365,0.9958023687970441,0.9979662526672288,0.668*Power101+0.332*Linear50
24,172,0.9968538989733164,0.9957719570382241,0.9979358409084088,0.668*Power101+0.332*Linear50
24,173,0.9968234332362795,0.9957414913011872,0.9979053751713719,0.668*Power101+0.332*Linear50
24,174,0.9967929136922153,0.995710971757123,0.9978748556273077,0.668*Power101+0.332*Linear50
24,175,0.9967623405107879,0.9956803985756956,0.9978442824458803,0.668*Power101+0.332*Linear50
24,176,0.9967317138601591,0.9956497719250668,0.9978136557952515,0.668*Power101+0.332*Linear50
24,177,0.9967010339070097,0.9956190919719173,0.9977829758421021,0.668*Power101+0.332*Linear50
24,178,0.9966703008165609,0.9955883588814686,0.9977522427516533,0.668*Power101+0.332*Linear50
24,179,0.9966395147525953,0.9955575728175029,0.9977214566876876,0.668*Power101+0.332*Linear50
24,180,0.996608675877477,0.9955267339423847,0.9976906178125694,0.668*Power101+0.332*Linear50
24,181,0.9965777843521726,0.9952898563032826,0.9978657124010626,0.668*Power101+0.332*Linear50
24,182,0.9965468403362698,0.9952589122873798,0.9978347683851598,0.668*Power101+0.332*Linear50
24,183,0.9965158439879978,0.9952279159391078,0.9978037720368877,0.668*Power101+0.332*Linear50
24,184,0.9964847954642451,0.9951968674153551,0.9977727235131351,0.668*Power101+0.332*Linear50
24,185,0.9964536949205793,0.9951657668716893,0.9977416229694693,0.668*Power101+0.332*Linear50
24,186,0.9964225425112643,0.9951346144623743,0.9977104705601543,0.668*Power101+0.332*Linear50
24,187,0.996391338389279,0.995103410340389,0.997679266438169,0.668*Power101+0.332*Linear50
24,188,0.9963600827063339,0.9950721546574439,0.9976480107552239,0.668*Power101+0.332*Linear50
24,189,0.9963287756128892,0.9950408475639992,0.9976167036617792,0.668*Power101+0.332*Linear50
24,190,0.9962974172581714,0.9950094892092815,0.9975853453070614,0.668*Power101+0.332*Linear50
24,191,0.9962660077901895,0.9947802561067047,0.9977517594736742,0.668*Power101+0.332*Linear50
24,192,0.9962345473557516,0.9947487956722668,0.9977202990392363,0.668*Power101+0.332*Linear50
24,193,0.9962030361004808,0.994717284416996,0.9976887877839655,0.668*Power101+0.332*Linear50
24,194,0.996171474168831,0.9946857224853463,0.9976572258523158,0.668*Power101+0.332*Linear50
24,195,0.996139861704102,0.9946541100206172,0.9976256133875867,0.668*Power101+0.332*Linear50
24,196,0.9961081988484548,0.9946224471649701,0.9975939505319396,0.668*Power101+0.332*Linear50
24,197,0.9960764857429264,0.9945907340594417,0.9975622374264111,0.668*Power101+0.332*Linear50
24,198,0.996044722527444,0.9945589708439593,0.9975304742109288,0.668*Power101+0.332*Linear50
24,199,0.9960129093408399,0.9945271576573551,0.9974986610243246,0.668*Power101+0.332*Linear50
24,200,0.9959810463208653,0.9944952946373805,0.99746679800435,0.668*Power101+0.332*Linear50
25,151,0.9973431519765743,0.9963177941906884,0.9983685097624602,0.668*Power101+0.332*Linear50
25,152,0.9973250688669973,0.9962997110811115,0.9983504266528832,0.668*Power101+0.332*Linear50
25,153,0.9973070398550207,0.9962816820691348,0.9983323976409065,0.668*Power101+0.332*Linear50
25,154,0.9972890643233858,0.9962637065375,0.9983144221092717,0.668*Power101+0.332*Linear50
25,155,0.9972711416658309,0.996245783879945,0.9982964994517167,0.668*Power101+0.332*Linear50
25,156,0.9972532712868243,0.9962279135009384,0.9982786290727101,0.668*Power101+0.332*Linear50
25,157,0.9972354526013072,0.9962100948154213,0.998260810387193,0.668*Power101+0.332*Linear50
25,158,0.9972176850344451,0.9961923272485592,0.9982430428203309,0.668*Power101+0.332*Linear50
25,159,0.9971999680213843,0.9961746102354985,0.9982253258072702,0.668*Power101+0.332*Linear50
25,160,0.9971823010070184,0.9961569432211326,0.9982076587929043,0.668*Power101+0.332*Linear50
25,161,0.997164683445759,0.995877968216713,0.998451398674805,0.668*Power101+0.332*Linear50
25,162,0.9971471148013156,0.9958603995722696,0.9984338300303616,0.668*Power101+0.332*Linear50
25,163,0.9971295945464808,0.9958428793174348,0.9984163097755268,0.668*Power101+0.332*Linear50
25,164,0.9971121221629209,0.9958254069338749,0.9983988373919669,0.668*Power101+0.332*Linear50
25,165,0.9970946971409747,0.9958079819119287,0.9983814123700206,0.668*Power101+0.332*Linear50
25,166,0.9970773189794556,0.9957906037504096,0.9983640342085016,0.668*Power101+0.332*Linear50
25,167,0.9970599871854617,0.9957732719564157,0.9983467024145077,0.668*Power101+0.332*Linear50
25,168,0.9970427012741896,0.9957559860451436,0.9983294165032356,0.668*Power101+0.332*Linear50
25,169,0.9970254607687539,0.9957387455397079,0.9983121759977999,0.668*Power101+0.332*Linear50
25,170,0.9970082652000118,0.9957215499709658,0.9982949804290578,0.668*Power101+0.332*Linear50
25,171,0.996991114106394,0.9959091721713016,0.9980730560414863,0.668*Power101+0.332*Linear50
25,172,0.9969740070337367,0.9958920650986444,0.9980559489688291,0.668*Power101+0.332*Linear50
25,173,0.9969569435351227,0.9958750016000303,0.998038885470215,0.668*Power101+0.332*Linear50
25,174,0.9969399231707232,0.9958579812356309,0.9980218651058156,0.668*Power101+0.332*Linear50
25,175,0.9969229455076462,0.9958410035725538,0.9980048874427385,0.668*Power101+0.332*Linear50
25,176,0.9969060101197873,0.9958240681846949,0.9979879520548797,0.668*Power101+0.332*Linear50
25,177,0.9968891165876865,0.9958071746525942,0.9979710585227789,0.668*Power101+0.332*Linear50
25,178,0.9968722644983867,0.9957903225632944,0.9979542064334791,0.668*Power101+0.332*Linear50
25,179,0.9968554534452977,0.9957735115102053,0.9979373953803901,0.668*Power101+0.332*Linear50
25,180,0.9968386830280628,0.9957567410929704,0.9979206249631551,0.668*Power101+0.332*Linear50
25,181,0.9968219528524289,0.9955340248035389,0.9981098809013189,0.668*Power101+0.332*Linear50
25,182,0.9968052625301209,0.9955173344812309,0.9980931905790109,0.668*Power101+0.332*Linear50
25,183,0.9967886116787187,0.9955006836298287,0.9980765397276087,0.668*Power101+0.332*Linear50
25,184,0.9967719999215368,0.9954840718726468,0.9980599279704268,0.668*Power101+0.332*Linear50
25,185,0.9967554268875084,0.9954674988386184,0.9980433549363984,0.668*Power101+0.332*Linear50
25,186,0.9967388922110711,0.9954509641621812,0.9980268202599611,0.668*Power101+0.332*Linear50
25,187,0.9967223955320572,0.9954344674831672,0.9980103235809472,0.668*Power101+0.332*Linear50
25,188,0.9967059364955846,0.9954180084466946,0.9979938645444746,0.668*Power101+0.332*Linear50
25,189,0.9966895147519519,0.9954015867030619,0.9979774428008419,0.668*Power101+0.332*Linear50
25,190,0.9966731299565361,0.9953852019076461,0.9979610580054261,0.668*Power101+0.332*Linear50
25,191,0.9966567817696925,0.9951710300862078,0.9981425334531773,0.668*Power101+0.332*Linear50
25,192,0.9966404698566569,0.9951547181731721,0.9981262215401416,0.668*Power101+0.332*Linear50
25,193,0.9966241938874506,0.9951384422039659,0.9981099455709354,0.668*Power101+0.332*Linear50
25,194,0.9966079535367875,0.9951222018533028,0.9980937052202723,0.668*Power101+0.332*Linear50
25,195,0.9965917484839839,0.9951059968004992,0.9980775001674687,0.668*Power101+0.332*Linear50
25,196,0.99657557841287,0.9950898267293853,0.9980613300963548,0.668*Power101+0.332*Linear50
25,197,0.9965594430117033,0.9950736913282185,0.998045194695188,0.668*Power101+0.332*Linear50
25,198,0.9965433419730848,0.9950575902896001,0.9980290936565696,0.668*Power101+0.332*Linear50
25,199,0.9965272749938774,0.9950415233103926,0.9980130266773621,0.668*Power101+0.332*Linear50
25,200,0.9965112417751245,0.9950254900916398,0.9979969934586093,0.668*Power101+0.332*Linear50
